route,department,code,name,brands,placed_path,level,confidence,right_at_category_or_parent,correct_category,marked_by,note
path,beauty,8721321370611,Givenchy Pi Eau de Toilette,,en:hygiene > en:accessories > en:condoms > en:male-condoms > en:health-beauty > en:non-open-products-facts > en:cosmetics > en:makeup > nl:beauty > nl:herenparfum > nl:parfum,11,1.000,,,,
path,general,0195950645231,iPhone 17 512 Go Sauge,Apple,en:electronics > en:communications > en:telephony > en:mobile-phones > en:smartphones > en:iphone-smartphones,6,1.000,,,,
path,food,0060383115876,Cabbage Roll / Cabbage Rolls,President's Choice,en:condiments > en:sauces > en:tomato-sauces,3,1.000,,,,
path,food,0077661123522,Chunky Blue Cheese Dressing & Dip,Litehouse,en:condiments > en:sauces > en:salad-dressings,3,1.000,,,,
path,beauty,5037156210316,Frizz Ease Dream Curls air dry waves styling foam,John Frieda,en:hygiene > en:toothpastes > en:non-food-products > en:dietary-supplements > en:cosmetic-products,5,1.000,,,,
path,general,8682536059213,total repair nails,,en:sponges-scouring-pads > en:household-sponges > en:household-supplies > en:garbage-bags > en:home-garden > en:hardware > en:hardware-accessories > en:hardware-fasteners > en:nails,9,1.000,,,,
path,beauty,0054000571053,Comfort Plus toilet paper,Scott,en:12-double-rolls-of-2-ply-bathroom-tissue > en:2-ply-bathroom-tissue > en:bathroom-tissue > en:toilet-paper,4,1.000,,,,
path,pet,8007520012171,miglior fatto viande blanche,Morando,en:adult-cat-food > en:wet-cat-food,2,1.000,,,,
path,food,0041270001656,Huile d’olive extra vierge,,en:plant-based-foods-and-beverages > en:plant-based-foods > en:vegetable-fats > en:vegetable-oils > en:olive-oils > en:virgin-olive-oils > en:extra-virgin-olive-oils,7,1.000,,,,
path,general,4711387482889,Ordinateur portable - S1504FA-L11098W,Asus,en:electronics > en:computers > en:laptops > en:chomebook > en:edible > en:electronic > en:laptop > fr:ordinateur-portable,8,1.000,,,,
path,beauty,8850006305911,total 12HR PRO-GUARD SPEARMINT BURST,colgate,en:hygiene > en:toothpastes > en:non-food-products > en:open-beauty-facts,4,1.000,,,,
path,food,0060383012397,100% Canadian Pure Creamed Honey / Miel crémeux,no name,en:spreads > en:sweet-spreads > en:honeys > fr:miels-cremeux,4,1.000,,,,
path,beauty,0011111030961,Dove intense care soin intense lotion,,en:hygiene > en:toothpastes > en:non-food-products > en:open-beauty-facts,4,1.000,,,,
path,general,3760192614511,Déguisement Cape Noire Araignée,,en:sponges-scouring-pads > en:household-sponges > en:household-supplies > en:garbage-bags > en:home-garden > en:decor > en:halloween-supplies,7,1.000,,,,
path,food,0679079490199,Sour Teezers,Cottage Country,en:snacks > en:sweet-snacks > en:confectioneries > en:candies,4,1.000,,,,
path,food,0628110465085,IPA / Non alcoholic IPA,Partake Brewing,en:beverages-and-beverages-preparations > en:beverages > en:non-alcoholic-beverages > en:non-alcoholic-beers > en:non-alcoholic-ipa,5,1.000,,,,
path,food,0628915409024,Pruneaux dénoyautés,,en:plant-based-foods-and-beverages > en:plant-based-foods > en:fruits-and-vegetables-based-foods > en:fruit-based-foods > en:dried-fruits > en:dried-prunes,6,1.000,,,,
path,pet,4010355508300,Knabberstäbchen Fisch,dein Bestes,en:adult-cat-food > en:wet-cat-food > en:pet-food > en:dry-pet-food > en:dry-dog-food > en:dog-and-cat-food > en:cat-food,7,1.000,,,,
path,food,0029981002957,Panettone,,en:snacks > en:sweet-snacks > en:sweet-pastries-and-pies > en:viennoiseries > en:brioches > en:panettone,6,1.000,,,,
path,beauty,0012044065570,Swagger,Old Spice,en:hygiene > en:deodorants > en:deodorants-sticks,3,1.000,,,,
path,beauty,7898952577588,DESMAIA CABELO,FOREVER LISS PROFESSIONAL,en:hygiene > en:hair > en:hair-care > en:hair-masks,4,1.000,,,,
path,beauty,0041260375521,kroger hand soap,,en:hygiene > en:toothpastes > en:non-food-products > en:dietary-supplements > en:cosmetic-products,5,1.000,,,,
path,food,0066033700416,Huile de coco,Kissan,en:plant-based-foods-and-beverages > en:plant-based-foods > en:vegetable-fats > en:vegetable-oils > en:fruit-and-fruit-seed-oils > en:coconut-oils,6,1.000,,,,
path,food,0055000205580,Strawberry Ice Cream / Strawberry,Häagen-Dazs,en:desserts > en:frozen-desserts > en:ice-creams-and-sorbets > en:ice-creams > en:ice-cream-tubs,5,1.000,,,,
path,general,4066447437171,Detergent vase Pro Climate,dm,en:sponges-scouring-pads > en:household-sponges > en:household-supplies > en:household-chemicals > en:detergents,5,1.000,,,,
path,beauty,8699067176197,Lush Lash Doğal Kıl Flirty Takma Kirpik LU-619,Lush Lash,en:hygiene > en:accessories > en:condoms > en:male-condoms > en:health-beauty > en:non-open-products-facts > en:cosmetics > en:makeup accessories,8,1.000,,,,
path,general,0191665792789,Dynamight olive,Sketches,en:sporting-goods > en:apparel-accessories > en:clothing > en:shoes,4,1.000,,,,
path,beauty,6971480022070,disposable médical mask,disposable médical masque,fr:pharmacie,1,1.000,,,,
path,food,0059749955331,English Muffins / English muffins,Selection,en:plant-based-foods-and-beverages > en:plant-based-foods > en:cereals-and-potatoes > en:cereals-and-their-products > en:breads > en:special-breads > en:english-muffins,7,1.000,,,,
path,food,0837503000684,Olinezko,Olineza,en:spreads,1,1.000,,,,
path,beauty,0011111009424,Soap,Dove,en:hygiene > en:toothpastes > en:non-food-products > en:dietary-supplements > en:cosmetic-products,5,1.000,,,,
path,food,0872214000936,Huile coconut,,en:plant-based-foods-and-beverages > en:plant-based-foods > en:vegetable-fats > en:vegetable-oils > en:fruit-and-fruit-seed-oils > en:coconut-oils,6,1.000,,,,
path,pet,3250391968282,Snack'mix,Canaillou,en:adult-cat-food > en:wet-cat-food > en:pet-food > en:dry-pet-food > en:dry-dog-food > en:dog-and-cat-food > en:cat-food,7,1.000,,,,
path,beauty,3760100683004,Gommage nourrissant,EVOLUDERM,en:hygiene > en:body > en:face > en:face-scrubs,4,1.000,,,,
path,beauty,8961014238150,Shampoo,,en:hygiene > en:toothpastes > en:non-food-products > en:open-beauty-facts,4,1.000,,,,
path,food,0058504131065,Dark Red Kidney Beans,,en:plant-based-foods-and-beverages > en:plant-based-foods > en:seeds > en:legume-seeds > en:pulses > en:common-beans > en:red-beans,7,1.000,,,,
path,food,0067486120042,Graine de chia,Moulin Abénakis,en:plant-based-foods-and-beverages > en:plant-based-foods > en:seeds > en:chia,4,1.000,,,,
path,food,0096619234998,Extra-Large Peanuts / Arachides,Costco Wholesale Canada Ltd,en:plant-based-foods-and-beverages > en:plant-based-foods > en:legumes-and-their-products > en:legumes,4,1.000,,,,
path,food,0620383010337,Clous de girofle,,en:plant-based-foods-and-beverages > en:plant-based-foods > en:spices > en:cloves,4,1.000,,,,
path,food,0060383175320,Thin & crispy spinach pizza,President's Choice,en:meals > en:pizzas,2,1.000,,,,
path,general,8053848871259,Bocal 750ml,Le Parfait,fr:bocaux > fr:bocaux-a-conserve,2,1.000,,,,
path,food,0060410027523,Baken-ets / Couenne de porc,Frito Lay,en:meats-and-their-products > en:meats > en:pork,3,1.000,,,,
path,food,2000000127751,Bouchées croquantes mélange du randonneur,"Minçavi,Bravodeli",en:plant-based-foods-and-beverages > en:plant-based-foods > en:cereals-and-potatoes > en:cereals-and-their-products > en:breads,5,1.000,,,,
path,general,54027039,Marlboro RED,"Philip Morris, Marlboro",en:oil-perfumes > en:perfumes > en:tobacco-products > en:cigarettes,4,1.000,,,,
path,food,0058989220087,Vanilla Bean Gelato,Mario's Gelati,en:desserts > en:frozen-desserts > en:ice-creams-and-sorbets > en:ice-creams > en:ice-cream-tubs,5,1.000,,,,
path,general,9782820338501,The promised neverland 16,,en:sponges-scouring-pads > en:household-sponges > en:household-supplies > en:garbage-bags > en:home-garden > en:office-supplies > en:general-office-supplies > en:media > en:books > en:comic-books > en:printed-media > en:printed-publications > en:published-products,13,1.000,,,,
path,beauty,8690757001959,silver premium cu rezervor silicon,Walk with confidence,tr:ayakkabı-boyası,1,1.000,,,,
path,general,9789633284056,Irodalom,,en:publications,1,1.000,,,,
path,general,3596710478187,"Papier toilette rose, 2 plis",Auchan,en:sponges-scouring-pads > en:household-sponges > en:household-supplies > en:household-paper-products > en:toilet-papers,5,1.000,,,,
path,food,0061483056953,Feta Cheese,,en:dairies > en:fermented-milk-products > en:cheeses > en:greek-cheeses > en:feta,5,1.000,,,,
path,food,0085000016688,Moscoto / Weisswein Barefoot,Barefoot,en:beverages-and-beverages-preparations > en:beverages > en:alcoholic-beverages > en:wines,4,1.000,,,,
path,pet,4047777125310,Premiere Training,,en:adult-cat-food > en:wet-cat-food > en:pet-food > en:dry-pet-food > en:dry-dog-food > en:dog-and-cat-food > en:cat-food > en:non-food-products > en:open-pet-food-facts,9,1.000,,,,
path,beauty,0756848433004,Lip Protection & Care,Ultrasun,en:hygiene > en:accessories > en:condoms > en:male-condoms > en:health-beauty > en:non-open-products-facts,6,1.000,,,,
path,beauty,3600531465209,Maybelline New York Instant Anti Age Eraser 10 Caramel Concealer,,en:hygiene > en:accessories > en:condoms > en:male-condoms > en:health-beauty > en:non-open-products-facts > en:cosmetics > en:makeup > nl:beauty > nl:foundation > nl:make-up,11,1.000,,,,
path,food,0060249004344,Breaded white meat chicken nuggets,,en:breaded-products > en:breaded-chicken > en:chicken-nuggets,3,1.000,,,,
path,pet,0050000040803,"Chicken Feast in Gravy, Grilled",Fancy Feast,en:adult-cat-food > en:wet-cat-food > en:pet-food > en:dry-pet-food > en:dry-dog-food > en:dog-and-cat-food > en:cat-food,7,1.000,,,,
path,beauty,8006530116305,Baby wipes,Pampers,en:hygiene > en:accessories > en:moist-wipes > en:baby-wipes,4,1.000,,,,
path,general,59484523,Camel Caster,Camel,en:oil-perfumes > en:perfumes > en:tobacco-products > en:cigarettes,4,1.000,,,,
path,beauty,3600541982260,Antipelliculaire 2-en-1,"L'Oréal, L'Oreal Consumer products, Garnier, Fructis",en:hygiene > en:hair > en:shampoos > en:anti-dandruff-shampoos,4,1.000,,,,
path,food,0818762001926,Kombucha,,en:beverages-and-beverages-preparations > en:beverages > en:tea-based-beverages > en:kombuchas,4,1.000,,,,
path,food,5900353615706,Likwory o smaku vodka,,en:beverages-and-beverages-preparations > en:beverages > en:alcoholic-beverages > en:distilled-beverages > en:hard-liquors > en:eaux-de-vie > en:vodka,7,1.000,,,,
path,food,0059749929943,Life smart black beans 540ml can / Black beans,Irresistibles,en:plant-based-foods-and-beverages > en:plant-based-foods > en:seeds > en:legume-seeds > en:pulses > en:common-beans > en:black-beans,7,1.000,,,,
path,general,0246620003001,Pol Remy,,en:wine,1,1.000,,,,
path,beauty,0044440400648,Aloe vera gel,,en:hygiene > en:toothpastes > en:non-food-products > en:dietary-supplements > en:cosmetic-products,5,1.000,,,,
path,beauty,3327520002855,Actigro Serum acticroissance,Activilong,en:hygiene > en:hair > en:hair-care,3,1.000,,,,
path,general,4311596631636,Taschentücher classic,"EUCO, Favora",de:aufbewahrung > de:haushalt > de:haushaltspapier > de:taschentücher,4,1.000,,,,
path,beauty,5410091775469,Syoss Intense Volume Deep Caring Shampoo,,en:hygiene > en:hair > en:hair-care > nl:conditioner > nl:haarverzorging > nl:verzorging,6,1.000,,,,
path,food,0068200477404,Mozzarella,,en:dairies > en:fermented-milk-products > en:cheeses > en:italian-cheeses > en:mozzarella,5,1.000,,,,
path,food,0061880355864,White Chocolate,Rogers' Chocolates,en:snacks > en:sweet-snacks > en:chocolates > en:white-chocolates,4,1.000,,,,
path,food,0779207009740,Rillette de canard au cidre de pommes,,en:meats-and-their-products > en:meats > en:poultries > en:ducks,4,1.000,,,,
path,food,0033383222011,Blueberries (300g approx) / Bleuets Frais,MAHIL Farms • Abbotsford BC,en:plant-based-foods-and-beverages > en:plant-based-foods > en:fruits-and-vegetables-based-foods > en:fruit-based-foods > en:fruits > en:fresh-fruits > en:fresh-blueberries,7,1.000,,,,
path,beauty,8720181649646,Zwitsal Baby zachte crème,Zwitsal,en:baby-foods > nl:baby > nl:baby haarverzorging > nl:babyshampoo > nl:babyverzorging,5,1.000,,,,
path,beauty,3401526554492,Weleda Duo Gel Dentifrice Enfant 2 50ML,,en:hygiene > en:toothpastes,2,1.000,,,,
path,food,4099100021356,Kombucha / Organic kombucha,VitaLife,en:beverages-and-beverages-preparations > en:beverages > en:tea-based-beverages > en:kombuchas,4,1.000,,,,
path,beauty,4005808897087,Creme care,Nivea,en:hygiene > en:body > en:body-gels,3,1.000,,,,
path,beauty,8699118061205,El Kremi Cotton Touch,Lure,en:hygiene > en:body > en:hand-creams,3,1.000,,,,
path,beauty,56135855,suero facial,Delia,en:hygiene > en:toothpastes > en:non-food-products > en:dietary-supplements > en:cosmetic-products,5,1.000,,,,
path,beauty,4311501702598,Mildes Waschgel,elkos face,de:kosmetik-körperpflege,1,1.000,,,,
path,beauty,3600530730308,Maybelline Master Drama Precis Liner Black,"L'Oréal, L'Oreal Consumer products, Maybelline",en:hygiene > en:accessories > en:condoms > en:male-condoms > en:health-beauty > en:non-open-products-facts > en:cosmetics > en:makeup > nl:beauty,9,1.000,,,,
path,food,0059749962834,Fromage râpé,SELECTION,en:dairies > en:fermented-milk-products > en:cheeses > en:grated-cheese,4,1.000,,,,
path,beauty,0009531118550,Flexible Style Spray Wax,Paul Mitchell,en:spray-wax,1,1.000,,,,
path,beauty,3614272732230,Valentino Uomo - Eau de Toilette    50ml,,en:hygiene > en:accessories > en:condoms > en:male-condoms > en:health-beauty > en:non-open-products-facts > en:cosmetics > en:makeup > nl:beauty > nl:herenparfum > nl:parfum,11,1.000,,,,
path,beauty,3574661288802,Spray Hydratant Nutrition Express,Le Petit Marseillais,en:hygiene > en:hair,2,1.000,,,,
path,pet,3760260842662,Friandise hygiène dentaire pour chien - Trachée de boeuf,Atavik,en:adult-cat-food > en:wet-cat-food > en:pet-food > en:dry-pet-food > en:dry-dog-food > en:dog-and-cat-food > en:cat-food > en:wet-pet-food > en:wet-dog-food > fr:sans-cereales > fr:friandises-pour-chiens,11,1.000,,,,
path,pet,4047777011606,Real Nature Lamm & Kalb mit Haferflocken und Leinöl,Real Nature,en:adult-cat-food > en:wet-cat-food > en:pet-food > en:dry-pet-food > en:dry-dog-food > en:dog-and-cat-food > en:dog-food,7,1.000,,,,
path,food,0060383159719,PC Organics 100% Virgin Coconut Oil,President's Choice,en:plant-based-foods-and-beverages > en:plant-based-foods > en:vegetable-fats > en:vegetable-oils > en:fruit-and-fruit-seed-oils > en:coconut-oils,6,1.000,,,,
path,food,0628011462091,Overnight Oats Berry,Madame Labriski,fr:gruau-frigo,1,1.000,,,,
path,food,0061077771132,Pains Burger au Val / Pain Hamburger Avec Graines De Sésame,POM Signature,en:plant-based-foods-and-beverages > en:plant-based-foods > en:cereals-and-potatoes > en:cereals-and-their-products > en:breads > en:special-breads > en:hamburger-buns,7,1.000,,,,
path,food,0062781700012,Basmati Rice / Riz Basmati,Noor,en:plant-based-foods-and-beverages > en:plant-based-foods > en:cereals-and-potatoes > en:cereals-and-their-products > en:cereal-grains > en:rices > en:long-grain-rices > en:basmati-rices > en:white-basmati-rices,9,1.000,,,,
path,beauty,6281031267158,Syoss Pure Smooth Micellar Shampoo,Schwarzkopf & Henkel,en:hygiene > en:hair > en:shampoos,3,1.000,,,,
path,beauty,3474630621206,Scalp Sync,Biolage,en:hygiene > en:hair > en:shampoos > en:anti-dandruff-shampoos,4,1.000,,,,
path,beauty,3250391473700,Shampooing antipelliculaire,"Labell, Labell Men",en:hygiene > en:hair > en:shampoos > en:anti-dandruff-shampoos,4,1.000,,,,
path,food,0059491002550,Noodles in a Cup Spicy Chicken / Noodles In A Cup Spicy Chicken,Mr. Noodles,en:dried-products > en:dried-products-to-be-rehydrated > en:instant-noodles,3,1.000,,,,
path,beauty,356470043578602,Réparateur Masque,"Marque Repère, Vitanove",en:hygiene > en:hair > en:hair-care > en:hair-masks,4,1.000,,,,
path,food,0777762796358,Samosas,,en:meals,1,1.000,,,,
path,food,0628055464280,Bière IPA Nano,,en:beverages-and-beverages-preparations > en:beverages > en:alcoholic-beverages > en:beers > en:ales > en:pale-ales > ca:cervesa-ipa,7,1.000,,,,
path,general,3501170958087,PaperMate Inkjoy 100 1.0 M,Papermate,en:sponges-scouring-pads > en:household-sponges > en:household-supplies > en:garbage-bags > en:home-garden > en:office-supplies > en:office-instruments > en:writing-drawing-instruments > en:pens-pencils > en:pens,10,1.000,,,,
path,food,63161276000599,strawberry jam,,en:plant-based-foods-and-beverages > en:plant-based-foods > en:plant-based-spreads > en:fruit-and-vegetable-preserves > en:jams > en:fruit-jams > en:berry-jams > en:strawberry-jams,8,1.000,,,,
path,pet,5411468121605,Tasty,,en:adult-cat-food > en:wet-cat-food > en:pet-food,3,1.000,,,,
path,beauty,0628451857938,Revitalisant en barre,The Unscented Company,fr:revitalisant,1,1.000,,,,
path,beauty,0636874121512,Everyone Soap Lavender + Aloe,EO,en:hygiene > en:toothpastes > en:non-food-products > en:dietary-supplements > en:cosmetic-products,5,1.000,,,,
path,food,0061659012912,Melange de legumineuse,Aurora,en:plant-based-foods-and-beverages > en:plant-based-foods,2,1.000,,,,
path,beauty,3574661183343,Lait de vanille Douche et bain moussant extra doux,Le Petit Marseillais,en:hygiene > en:showers-and-baths > en:shower-gels,3,1.000,,,,
path,beauty,8888202062673,enchanteur gorgeous,,en:hygiene > en:toothpastes > en:non-food-products > en:open-beauty-facts,4,1.000,,,,
path,general,3596710497331,AUCHAN BOUGIE PREMIUM FIGUE et VELOURS X1,Auchan,en:sponges-scouring-pads > en:household-sponges > en:household-supplies > en:garbage-bags > en:home-garden > en:decor > en:home-fragrances > en:candles,8,1.000,,,,
path,general,4032800056112,Fleur du Pays n°1 Blond 30g,fleur du pays,en:oil-perfumes > en:perfumes > en:tobacco-products > fr:tabac > fr:tobacco,5,1.000,,,,
path,beauty,3600542461481,Wahre Schätze Honig Geheimn Spülung,"L'Oréal, L'Oreal Consumer products, Garnier",en:hygiene > en:hair > en:hair-care > en:shampoo-conditioner > en:conditioners,5,1.000,,,,
path,general,4052025279103,relaxdays 12er Eierbox,relaxdays,de:aufbewahrung > de:haushalt,2,1.000,,,,
path,pet,9003579000359,Royal Canin - Sachets Urinary Care En Gelée Pour Chat - 12X85G,Royal Canin,en:adult-cat-food > en:wet-cat-food > en:pet-food > en:dry-pet-food > en:dry-dog-food > en:dog-and-cat-food > en:cat-food,7,1.000,,,,
path,food,0064042003238,Biscruit Vital son d’avoine bananes chocolat,Leclerc,en:plant-based-foods-and-beverages,1,1.000,,,,
path,food,0691479917823,Lasagna with Meat Sauce,Swanson,en:meals > en:pasta-dishes > en:prepared-lasagne > en:meat-lasagnas > en:bolognese-lasagne,5,1.000,,,,
path,beauty,0051009009662,Thick and Rich Shaving Cream Extra Moisturizing,Barbasol,en:hygiene > en:toothpastes > en:non-food-products > en:dietary-supplements > en:cosmetic-products > en:shaving-cream,6,1.000,,,,
path,food,0841624003912,Shrimp and Chive Wonton,Seven Baskets,en:meals > xx:dumplings > en:chinese-dumplings > en:chinese-shrimp-dumplings,4,1.000,,,,
path,general,6438565392232,Dekorationstomte,,en:sponges-scouring-pads > en:household-sponges > en:household-supplies > en:garbage-bags > en:home-garden > en:decor > en:christmas-decorations,7,1.000,,,,
path,general,5020144846727,Leather Wipes with Beeswax,ArmorAll,en:bathroom > en:cleaning,2,1.000,,,,
path,general,7311041019979,"Batterier Alkaliske AA 1,5V LR6",First Price,en:electronics > en:electronics-accessories > en:power > en:batteries,4,1.000,,,,
path,beauty,0792850660779,"Shea + Passionfruit Lip Balm in Paper Tube / karité + huile de fruit de la passion, Tube fair à plus de 90% de Papier Recycle",Burt’s Bees,en:hygiene > en:body > en:face > en:lip-balms > en:lip-balm > en:moisturizing-lip-balm,6,1.000,,,,
path,beauty,0810023840084,Organic Blooming Rose Facial Oil,Pura D'or,en:hygiene > en:toothpastes > en:non-food-products > en:dietary-supplements > en:cosmetic-products,5,1.000,,,,
path,food,0888048000271,Salade,Attitude,en:spring-mix-salad,1,1.000,,,,
path,pet,8717775811473,pate de carne de vaca para gato adultos,euro shopper,en:adult-cat-food > en:wet-cat-food > en:pet-food > en:dry-pet-food > en:dry-dog-food > en:dog-and-cat-food > en:cat-food,7,1.000,,,,
path,food,0667888493111,Pho Hanoi Beef Taste / pho hanoi,Bowlful,en:dried-products > en:dried-products-to-be-rehydrated > en:instant-noodles,3,1.000,,,,
path,beauty,3245678612415,Déodorant instant voluptueux,Cosmia,fr:hygiène anti-trace déodorant,1,1.000,,,,
path,food,0055742521801,Natural Liquid Pure Honey / Miel pur,Compliments,en:spreads > en:sweet-spreads > en:honeys,3,1.000,,,,
path,food,0770240451749,SPANAKOPITA / Spanakopita,Cuisine Adventures,en:meals,1,1.000,,,,
path,general,9782800157160,Les nombrils,Dupuis,en:sponges-scouring-pads > en:household-sponges > en:household-supplies > en:garbage-bags > en:home-garden > en:office-supplies > en:general-office-supplies > en:media > en:books > en:comic-books > en:printed-media > en:printed-publications > en:published-products,13,1.000,,,,
path,beauty,3017566540014,Khol non stop 100% noir,Gemey Maybelline,en:hygiene > en:accessories > en:condoms > en:male-condoms > en:health-beauty > en:non-open-products-facts > en:cosmetics > en:makeup > en:eyes > en:eyes-makeup > en:eye-pencils > en:kohl-pencils,12,1.000,,,,
path,food,0060410062241,Sweet Chili Heat Doritos,Doritos,en:snacks > en:salty-snacks > en:appetizers > en:crisps > en:corn-chips,5,1.000,,,,
path,general,0194346192984,Orange Mango Sparking Water,Bettergoods,de:softdrink,1,1.000,,,,
path,food,0001630005113,Arachides sucrées,,en:plant-based-foods-and-beverages > en:plant-based-foods > en:nuts-and-their-products > en:nuts > en:peanuts,5,1.000,,,,
path,general,9782226242396,Vieux cimetière,,en:publications,1,1.000,,,,
path,food,0069065041434,Jamaican pride coconut milk,,en:plant-based-foods-and-beverages > en:plant-based-beverages > en:plant-based-milk-alternatives,3,1.000,,,,
path,general,4711387514313,Ordinateur portable - N1605XA-MB077W,Asus,en:electronics > en:computers > en:laptops > en:chomebook > en:edible > en:electronic > en:laptop > fr:ordinateur-portable,8,1.000,,,,
path,beauty,6156000058719,Isopropyl Alcohol,Moko,en:methylated spirits,1,1.000,,,,
path,beauty,5060144645562,Original bamboo razor Set,Bulldog,en:hygiene > en:toothpastes > en:non-food-products > en:open-beauty-facts,4,1.000,,,,
path,general,9782849335499,Carte,,en:sponges-scouring-pads > en:household-sponges > en:household-supplies > en:garbage-bags > en:home-garden > en:office-supplies > en:general-office-supplies > en:media > en:books > en:comic-books > en:printed-media > en:printed-publications > en:published-products,13,1.000,,,,
path,beauty,3700719017883,Adopt,Adopt,fr:gel-douche-parfume,1,1.000,,,,
path,beauty,7630028615516,Nordic Secret,esthetic,en:hygiene > en:showers-and-baths > en:shower-gels,3,1.000,,,,
path,food,0667888440597,Mini Jelly Beans / Bonbon à la gelée,Sweet Shoppe,en:snacks > en:sweet-snacks > en:confectioneries > en:candies > en:gummi-candies > en:jelly-beans,6,1.000,,,,
path,general,8437008795331,Interval tabac,,en:oil-perfumes > en:perfumes > en:tobacco-products,3,1.000,,,,
path,food,0064100131408,Mini-Wheats unfrosted cocoa / Mini-Wheats cacao,Kellogg's,en:plant-based-foods-and-beverages > en:plant-based-foods > en:cereals-and-potatoes > en:cereals-and-their-products > en:breakfast-cereals > en:chocolate-cereals,6,1.000,,,,
path,general,8715342054193,Universal discales,Super Finn,en:sponges-scouring-pads > en:household-sponges > en:household-supplies > en:household-cleaning-supplies > en:household-cleaning-products > en:descalers-decalcifiers,6,1.000,,,,
path,food,17162308,henry,oh,en:oh,1,1.000,,,,
path,beauty,4806515161511,KERATIN plus Gold,Skintec Advance Incorporated,en:hygiene > en:hair > en:hair-conditioners,3,1.000,,,,
path,general,9788809893849,Tarramare,,en:publications,1,1.000,,,,
path,beauty,3360372055419,Ralph Lauren Polo Sport Men - Eau de Toilette    75 ml,,en:hygiene > en:accessories > en:condoms > en:male-condoms > en:health-beauty > en:non-open-products-facts > en:cosmetics > en:makeup > nl:beauty > nl:herenparfum,10,1.000,,,,
path,general,6931571047290,The Monsters Coca-Cola Series Vinyl Face Blind Box,Pop Mart,en:sporting-goods > en:outdoor-recreation > en:toys-games > en:toys,4,1.000,,,,
path,beauty,8809640735790,Anua Heartleaf Pore Control Cleansing Oil,Anua,en:hygiene > en:accessories > en:condoms > en:male-condoms > en:health-beauty > en:non-open-products-facts > en:cosmetics > en:makeup > nl:beauty > nl:dagcreme > nl:skincare,11,1.000,,,,
path,pet,9900717936818,Urinary U/C,Royal Canin,en:alimentation vétérinaire pour chiens > en:aliments pour chiens > en:croquettes pour chiens,3,1.000,,,,
path,food,0061500011118,Aquel sparkling natrural spring water,,en:beverages-and-beverages-preparations > en:beverages > en:carbonated-drinks > en:carbonated-waters,4,1.000,,,,
path,general,0870021684380,Lessive capsules 2 en 1 Envolée d'Air,DASH,en:sponges-scouring-pads > en:household-sponges > en:household-supplies > en:household-chemicals > en:liquid-detergent,5,1.000,,,,
path,food,0722252140036,"COOL MINT CHOCOLATE / Cool Mint Chocolate (W / Mint Icing), 70% Organic",CLIF,en:snacks > en:sweet-snacks > en:bars > en:candy-chocolate-bars,4,1.000,,,,
path,food,0085164120221,Durum wheat pasta with tomato and spinach / Farfalle Tricolore,Garofalo,en:plant-based-foods-and-beverages > en:plant-based-foods > en:pastas > en:dry-pastas,4,1.000,,,,
path,food,0687456283340,Organic Soft Baked Cookie Bites red velvet / Mini-biscuits moelleux | Velours Rouge,Made Good,en:snacks > en:sweet-snacks > en:biscuits-and-cakes > en:biscuits,4,1.000,,,,
path,beauty,3600541827868,Ambre Solaire UV Ski 30 Combi 2in1 Crème protectrice + Stick lèvres protecteur,"L'Oréal, L'Oreal Consumer products, Garnier, Ambre Solaire, Garnier Ambre Solaire",en:hygiene > en:body > en:face > en:facial-creams > en:suncare,5,1.000,,,,
path,beauty,8718951389519,Gel de ducha zero% piel sensible,Sanex,en:hygiene > en:toothpastes > en:non-food-products > en:open-beauty-facts,4,1.000,,,,
path,general,9788843420728,Libro d inglese,,en:publications,1,1.000,,,,
path,general,8904216517937,Pigeon Joy Led Bulb 0.5W,Pigeon,en:sponges-scouring-pads > en:household-sponges > en:household-supplies > en:household-chemicals > en:detergents > en:open-products-facts,6,1.000,,,,
path,food,0060383201241,Melange a soupe,"No Name, Sans nom",en:meals > en:soups,2,1.000,,,,
path,general,9786060867081,Școala pentru bine și rău 2,Arthur,ro:carte,1,1.000,,,,
path,food,0060383209223,Chocolat au lait avec noix de coco,President’s choice,en:snacks > en:sweet-snacks > en:chocolates > en:milk-chocolates,4,1.000,,,,
path,beauty,3600524105174,L'Oréal Paris Color Riche 540 Nude Unstoppable Satin Lippenstift,,en:hygiene > en:accessories > en:condoms > en:male-condoms > en:health-beauty > en:non-open-products-facts > en:cosmetics > en:makeup > nl:beauty > nl:foundation > nl:make-up,11,1.000,,,,
path,beauty,4061461592769,Anti-Transpirant Coolfresh,"Lacura men, Lacura",en:hygiene > en:deodorants > en:roll-on-deodorants > fr:deo-roll-on,4,1.000,,,,
path,beauty,3600531589424,Maybelline Lipstick Color Sense Berry Go 400,L'OREAL NORGE AS,en:hygiene > en:accessories > en:condoms > en:male-condoms > en:health-beauty > en:non-open-products-facts > en:cosmetics > en:makeup > en:lip-makeup > en:lipstick,10,1.000,,,,
path,food,0025583002616,Émincé végétal Sty'e Chorizo,Tofurky,en:vegetarian-minced-meat,1,1.000,,,,
path,general,4019555010026,Spül Maschinen Pulver,Almawin,de:geschirrspülmittel,1,1.000,,,,
path,beauty,22130518,Ombia Hand Fluid für trockene Hände,Ombia - Emil Kiesling GmbH,en:hygiene > en:body > en:hand-creams,3,1.000,,,,
path,food,0627386005902,Peach Yogurt Smoothie,Hans Dairy,en:dairies > en:fermented-milk-products > en:fermented-dairy-desserts > en:yogurts,4,1.000,,,,
path,general,3660992016068,Liquide vaisselle Pomme,Prix Mini,en:sponges-scouring-pads > en:household-sponges > en:household-supplies > en:household-cleaning-supplies > en:household-cleaning-products > en:dish-detergent-soap > fr:liquide-vaisselle,7,1.000,,,,
path,beauty,4779040216684,Sun Juice,,en:hygiene > en:body > en:body-oils,3,1.000,,,,
path,general,3760192616904,Happy Halloween Guirlande Yeux Led,,en:sponges-scouring-pads > en:household-sponges > en:household-supplies > en:garbage-bags > en:home-garden > en:decor > en:halloween-supplies,7,1.000,,,,
path,beauty,3511720128228,Masque charbon,Lidl,en:hygiene > en:corps > en:visage,3,1.000,,,,
path,pet,3539370540221,Aliment complet pour perruches,Bob Martin,en:adult-cat-food > en:wet-cat-food > en:pet-food > en:dry-pet-food,4,1.000,,,,
path,food,0770333026533,Hummus Noix de pin rôties,,en:plant-based-foods-and-beverages > en:plant-based-foods > en:plant-based-spreads > en:hummus,4,1.000,,,,
path,food,0060410040232,Tostitos Multigrain Haricots noirs et ail,Tostitos,en:snacks > en:salty-snacks > en:appetizers > en:crisps > en:corn-chips,5,1.000,,,,
path,beauty,4280001327870,Bambus Toilettenpapier,pandoo,de:toilettenpapier,1,1.000,,,,
path,beauty,8001990020254,Shampoo 3 in 1,Neutro med,it:shampoo-3-in-1,1,1.000,,,,
path,general,3491952461600,Coton tige,,en:hair-styling-tools > en:health-beauty > en:personal-care > en:cotton-swabs,4,1.000,,,,
path,general,5033848011377,Purple Nitrile Xtra Gloves,Kimtech,en:sponges-scouring-pads > en:household-sponges > en:household-supplies > en:household-cleaning-supplies > en:cleaning-gloves > fr:gants,6,1.000,,,,
path,food,0810019603693,Crispy Coconut Rolls,tropical fields,en:snacks,1,1.000,,,,
path,general,0042000942690,Ultra soft & strong,QUILTED NORTHERN,en:sponges-scouring-pads > en:household-sponges > en:household-supplies > en:household-paper-products > en:toilet-papers > en:2-ply > en:286-sheets > en:9-rolls,8,1.000,,,,
path,food,0628055843177,Granola Dark Chocolate Fusion / Granola triple chocolat noir,Oatbox,en:plant-based-foods-and-beverages > en:plant-based-foods > en:cereals-and-potatoes > en:cereals-and-their-products > en:breakfast-cereals > en:chocolate-cereals,6,1.000,,,,
path,beauty,0800897255145,Epic ink liner,NYX,en:hygiene > en:accessories > en:condoms > en:male-condoms > en:health-beauty > en:non-open-products-facts > en:cosmetics > en:makeup > nl:beauty,9,1.000,,,,
path,general,9782368905371,Game of thrones,Marianne chaillan,en:sponges-scouring-pads > en:household-sponges > en:household-supplies > en:garbage-bags > en:home-garden > en:office-supplies > en:general-office-supplies > en:media > en:books > en:comic-books > en:printed-media > en:printed-publications,12,1.000,,,,
path,food,0708953507613,White Jasmine Rice / Riz blanc au Jasmin,Lotus Foods,en:plant-based-foods-and-beverages > en:plant-based-foods > en:cereals-and-potatoes > en:cereals-and-their-products > en:cereal-grains > en:rices > en:long-grain-rices > en:jasmine-rice > en:white-jasmine-rices,9,1.000,,,,
path,pet,8012386380449,Crocchette Mini,,en:adult-cat-food > en:wet-cat-food > en:pet-food > en:dry-pet-food > en:dry-dog-food > en:dog-and-cat-food > en:dog-food,7,1.000,,,,
path,beauty,8809581454804,Masca de față orez MISSHA,MISSHA,ro:masca-de-față,1,1.000,,,,
path,pet,4250839506655,Bio Huhn,Wildes Land,en:adult-cat-food > en:wet-cat-food > en:pet-food > en:dry-pet-food > en:dry-dog-food > en:dog-and-cat-food > en:cat-food,7,1.000,,,,
path,pet,5060184243322,Chicken Paté for Kittens,Lily's kitchen,en:adult-cat-food > en:wet-cat-food > en:pet-food > en:dry-pet-food > en:dry-dog-food > en:dog-and-cat-food > en:cat-food > fr:chaton,8,1.000,,,,
path,beauty,7410062016704,Bloqueador Solar,Summer Time,es:bloqueador-solar,1,1.000,,,,
path,food,0020662005533,BBQ sauce,hot  chaud,en:hot-chaud,1,1.000,,,,
path,beauty,4006000079059,NIVEA Express Hydratation Bodylotion,,en:hygiene > en:hair > en:hair-care > nl:conditioner > nl:haarverzorging > nl:verzorging,6,1.000,,,,
path,general,3059943023161,désodorisant pure air dock,Air,en:sponges-scouring-pads > en:household-sponges > en:household-supplies > en:laundry-supplies > en:fabric-refreshers,5,1.000,,,,
path,food,0829854400886,Chicken Strips / Chichen Fingers,Simply Poultry,en:meats-and-their-products > en:meats > en:poultries > en:chickens,4,1.000,,,,
path,beauty,9335955004805,Natural fresh cream deodorant,Moogoo,en:hygiene > en:deodorants > en:roll-on-deodorants,3,1.000,,,,
path,food,8032523531350,HazelNut Spread,Pisti,en:spreads > en:sweet-spreads > en:chocolate-spreads > en:cocoa-and-hazelnuts-spreads,4,1.000,,,,
path,food,0681131810050,Fetucine alfredo,"Great Value, Lider",en:meals,1,1.000,,,,
path,beauty,4058172087394,5in1 Mundspülung,"alverde Naturkosmetik, dm",de:mundpflege > de:zahnpflege,2,1.000,,,,
path,beauty,5037156298208,John Frieda Frizz Ease Dream Curls Curl Defining Crème,John,en:hygiene > en:hair > en:hair-care > nl:conditioner > nl:haarverzorging > nl:verzorging,6,1.000,,,,
path,food,3700662718134,1830 extra virgin olive oul natives olivenol,,en:plant-based-foods-and-beverages > en:plant-based-foods > en:vegetable-fats > en:vegetable-oils > en:olive-oils > en:virgin-olive-oils > en:extra-virgin-olive-oils,7,1.000,,,,
path,food,0068594810153,Mango chunks / Mango Chunks,snowcrest,en:plant-based-foods-and-beverages > en:plant-based-foods > en:fruits-and-vegetables-based-foods,3,1.000,,,,
barcode,food,06415916,Muslix raisins secs et amandes,Kellogg's,en:plant-based-foods-and-beverages > en:plant-based-foods > en:cereals-and-potatoes > en:cereals-and-their-products > en:breakfast-cereals > en:mueslis,6,1.000,,,,
barcode,beauty,0007000006827,Toothpaste,Trader Joe's,en:hygiene > en:toothpastes > en:non-food-products > en:dietary-supplements > en:cosmetic-products,5,1.000,,,,
barcode,food,0067000009341,Natural Grapefruit Flavour Soda,Fresca,en:beverages-and-beverages-preparations > en:beverages > en:carbonated-drinks > en:sodas > en:diet-sodas,5,1.000,,,,
barcode,food,0059800000031,kitkat,"NESTLÉ, Kit Kat",en:snacks > en:sweet-snacks > en:biscuits-and-cakes > en:biscuits > en:chocolate-biscuits,5,1.000,,,,
barcode,food,06660327,Artificial Vanilla Extract,Club house,en:plant-based-foods-and-beverages > en:plant-based-foods > en:spices > en:vanilla,4,1.000,,,,
barcode,food,0056000000052,Orange Crush,,en:beverages-and-beverages-preparations > en:beverages > en:carbonated-drinks > en:sodas,4,1.000,,,,
barcode,food,0064900000331,Chewing gum,,en:snacks > en:sweet-snacks > en:confectioneries > en:candies,4,1.000,,,,
barcode,food,0068100001303,Raisin artique,,en:food-additives > en:flavors,2,1.000,,,,
barcode,food,06496338,Hubba bubba max,,en:snacks > en:sweet-snacks > en:confectioneries > en:chewing-gums > en:chewing-gum-with-sugar,5,1.000,,,,
barcode,food,0064100000223,Corn Flake Crumbs / Corn flake crumbs,Kellogg's,en:plant-based-foods-and-beverages > en:plant-based-foods > en:cereals-and-potatoes > en:cereals-and-their-products > en:breads > en:bread-crumbs,6,1.000,,,,
barcode,food,0068200005225,Fromage marbré léger,Cracker Barrel,en:dairies > en:fermented-milk-products > en:cheeses > en:cow-cheeses > en:cow-mozzarella,5,1.000,,,,
barcode,food,0067000004612,Zero Sugar,Sprite,en:beverages-and-beverages-preparations > en:beverages > en:carbonated-drinks > en:sodas,4,1.000,,,,
barcode,food,05522246,Beef bouillon cube,Knorr,en:dried-products > en:dried-products-to-be-rehydrated > en:dehydrated-broths > en:bouillon-cubes,4,1.000,,,,
barcode,food,06831310,"Burger Sauce, Burger",Heinz,en:condiments > en:sauces > en:burger-sauces,3,1.000,,,,
barcode,food,0057000003074,Sauce Chili,Heinz,en:condiments > en:sauces > en:tomato-sauces,3,1.000,,,,
barcode,food,0055220000095,knorr,,en:dried-products > en:dried-products-to-be-rehydrated > en:dehydrated-broths > en:bouillon-powders,4,1.000,,,,
barcode,food,0061400000571,Chicken Broth Concentrate / Bovril aux poulet,Bovril,en:broths,1,1.000,,,,
barcode,food,0057000003395,Tomato Juice / Jus de tomate,Heinz,en:plant-based-foods-and-beverages > en:plant-based-foods > en:fruits-and-vegetables-based-foods > en:vegetables-based-foods > en:tomatoes-and-their-products > en:tomato-juices,6,1.000,,,,
barcode,food,0067000007514,Sprite Lemon - Lime Soda,,en:beverages-and-beverages-preparations > en:beverages > en:carbonated-drinks > en:sodas,4,1.000,,,,
text,beauty,3283950910729,cattier,Cattier,en:hygiene,1,0.667,,,,
text,beauty,8006540289945,Deodorant,Old Spice Captain,en:hygiene > en:deodorants,2,0.727,,,,
text,food,0742559000055,Classic Sesame Bagel,Hudson Bagels,en:plant-based-foods-and-beverages > en:plant-based-foods > en:cereals-and-potatoes > en:cereals-and-their-products > en:breads > en:special-breads > en:bagel-breads,7,0.909,,,,
text,beauty,3600550362725,expert cheveux courts,Franck Provost,en:hygiene > en:hair,2,0.727,,,,
text,food,0725299931216,"Golden Sella Basmati Rice, Dry",Tilda,en:plant-based-foods-and-beverages > en:plant-based-foods > en:cereals-and-potatoes > en:cereals-and-their-products > en:cereal-grains > en:rices > en:long-grain-rices > en:basmati-rices,8,0.909,,,,
text,food,0620066502524,Sauce rosbif,,en:condiments,1,0.667,,,,
text,food,0227280019830,Parmesan Cheese 14 Months,Grana Padano,en:dairies > en:fermented-milk-products > en:cheeses > en:italian-cheeses > en:grana-padano,5,0.800,,,,
text,beauty,0079400043801,Cocoa Butter & Shea Body Wash,"Unilever, Dove, Suave Essentials",en:hygiene > en:toothpastes > en:non-food-products,3,0.727,,,,
text,food,0069276130149,Butter Chicken Cooking Sauce / Poulet au Beurre,null,en:condiments > en:sauces,2,0.714,,,,
text,general,4027782200530,Stylo plume,Plumink,en:sponges-scouring-pads > en:household-sponges > en:household-supplies > en:garbage-bags > en:home-garden > en:office-supplies,6,0.700,,,,
text,general,5904094220687,Wireless 2-in-1,Retoo,en:electronics,1,0.636,,,,
text,food,0060383755539,Twice the fruit apricot spread,,en:plant-based-foods-and-beverages > en:plant-based-foods > en:plant-based-spreads > en:fruit-and-vegetable-preserves > en:jams > en:fruit-jams,6,0.625,,,,
text,food,8906084693317,Kaju Bites,Om Sweets & Snacks,en:snacks > en:sweet-snacks > en:confectioneries > en:candies,4,0.909,,,,
text,food,5021991940323,Organic Pure Green Tea,Clipper,en:plant-based-foods-and-beverages > en:plant-based-beverages > en:teas,3,0.909,,,,
text,general,5412128613508,Essence à briquet,,en:sponges-scouring-pads > en:household-sponges > en:household-supplies,3,0.636,,,,
text,general,5056319205310,HP,سجائر,en:electronics,1,0.636,,,,
text,beauty,7284528146515,Soin fraicheur et blancheur,"Unilever, Signal",en:hygiene > en:toothpastes > en:non-food-products > en:open-beauty-facts > en:toothpaste > fr:dentifrices,6,0.636,,,,
text,food,4056489428053,multi grain tortilla chips,snack day,en:snacks > en:salty-snacks > en:appetizers > en:crisps > en:corn-chips,5,0.909,,,,
text,food,0085239020081,Canelle,,en:plant-based-foods-and-beverages,1,0.600,,,,
text,food,0805509120361,Edamame Dry Roasted Salted / Endamame roti sale,Yupik,en:plant-based-foods-and-beverages > en:plant-based-foods,2,0.800,,,,
text,beauty,5713600004051,VEGAN,,en:hygiene,1,0.909,,,,
text,beauty,8850006937570,Colgate,,en:hygiene,1,0.750,,,,
text,food,0672975286057,Mint chocolate chip protein bar,Cranked energy,en:dietary-supplements > en:bodybuilding-supplements,2,0.909,,,,
text,beauty,93569309,Rexona Men Advanced 72hr Deodorant Roll On Sport 50mL,"Unilever, Rexona",en:hygiene,1,0.800,,,,
text,food,0883204003028,Instant Pho Beef Flavour Rice Noodles,Ho-Ya,en:dried-products > en:dried-products-to-be-rehydrated > en:instant-noodles,3,0.636,,,,
text,food,0219021024999,Chocolate Fudge Cake,Farm Boy,en:snacks > en:sweet-snacks > en:biscuits-and-cakes > en:cakes,4,0.667,,,,
text,food,0089782014436,Mini Cream Wafers,,en:snacks > en:sweet-snacks > en:biscuits-and-cakes > en:biscuits > en:wafers > en:stuffed-wafers,6,0.778,,,,
text,beauty,3560070965137,Shampoing brillance rapide,"Carrefour, Soft carrefour",en:hygiene,1,0.727,,,,
text,general,9782370732750,Les cahiers d'Esther mes 13 ans,,en:sponges-scouring-pads > en:household-sponges > en:household-supplies > en:garbage-bags > en:home-garden > en:office-supplies > en:general-office-supplies > en:media > en:books > en:comic-books > en:printed-media > en:printed-publications > en:published-products,13,0.818,,,,
text,food,0627907050411,Pork Uncooked Fresh Boneless Thick Center Cut Loin Chops,Concord,en:meats-and-their-products > en:meats,2,0.750,,,,
text,food,0067800002511,Broad beans,Unico,en:plant-based-foods-and-beverages > en:plant-based-foods,2,0.889,,,,
text,food,0872632262152,Lentilles brunes,,en:plant-based-foods-and-beverages > en:plant-based-foods,2,0.889,,,,
text,food,0990312817260,Beef Burrito Wrap,Fresh St. Market,en:sandwiches > en:burritos,2,0.750,,,,
text,food,0055000218016,Ice cream sandwiches,Baskin Robbins,en:desserts > en:frozen-desserts > en:ice-creams-and-sorbets > en:ice-creams > en:ice-cream-sandwiches,5,0.909,,,,
text,food,0055498032903,HALLOUMI / Halloumi,krinos,en:dairies > en:fermented-milk-products > en:cheeses > en:grilling-cheeses,4,0.600,,,,
text,food,0834633002335,Green Tea Matcha Loaf,Sweets From The Earth,en:snacks > en:sweet-snacks,2,0.625,,,,
text,beauty,4056489417798,Festes Shampoo,,en:hygiene > en:hair > en:shampoos,3,0.636,,,,
text,food,0056725262018,Organic Jasmine Rice / Riz Jasmin,Dainty Foods,en:plant-based-foods-and-beverages > en:plant-based-foods > en:cereals-and-potatoes > en:cereals-and-their-products > en:cereal-grains > en:rices,6,0.909,,,,
text,pet,0829274267533,Dry Cat Food,Meow Mix,en:adult-cat-food > en:wet-cat-food > en:pet-food > en:dry-pet-food > en:dry-dog-food > en:dog-and-cat-food > en:cat-food,7,0.727,,,,
text,beauty,4987176072931,head & shoulders 650ml,head & shoulders,en:hygiene > en:hair > en:shampoos,3,0.667,,,,
text,food,5061033170707,Red Hard Ripened Cheese,Snowdonia,en:dairies > en:fermented-milk-products > en:cheeses,3,0.900,,,,
text,pet,9003579307953,Aliment Humide Royal Canin Obesity Management,Royal Canin,en:adult-cat-food > en:wet-cat-food > en:pet-food,3,0.727,,,,
text,general,0091683204977,The Cookie Architect Jigsaw Puzzle,Springbok,en:sporting-goods > en:outdoor-recreation > en:toys-games > en:puzzles > en:jigsaw-puzzles,5,0.818,,,,
text,food,0679514311034,Zest-oh Pesto / Zest-Oh Cilantro Pesto,Sunflower Kitchen,en:plant-based-foods-and-beverages > en:plant-based-foods > en:plant-based-spreads > en:hummus,4,0.636,,,,
text,food,0776703296896,Edamame / edamame,T&T,en:plant-based-foods-and-beverages > en:plant-based-foods,2,0.833,,,,
text,pet,0745158300502,Halo spots stew chicken recipe,Halo,en:adult-cat-food > en:wet-cat-food,2,0.636,,,,
text,beauty,0034533392004,Manicare Sapphire Nail File each,Manicare,en:hygiene > en:accessories > en:condoms > en:male-condoms > en:health-beauty > en:non-open-products-facts > en:cosmetics > en:makeup > en:nail-makeup > en:nail-polish,10,0.800,,,,
text,food,06753403,Coca cola a la fraise,Coca-Cola,en:beverages-and-beverages-preparations > en:beverages > en:sweetened-beverages,3,0.909,,,,
text,pet,5060130540017,Benevo Vegan Dry Dogfood (Wheat Free),Benevo,en:adult-cat-food > en:wet-cat-food > en:pet-food > en:dry-pet-food > en:dry-dog-food > en:dog-and-cat-food > en:cat-food,7,0.636,,,,
text,beauty,00092200,Palmolive Douchegel aroma alluring love,Palmolive,en:hygiene,1,0.750,,,,
text,food,0055325004660,Ensure Clear Apple,Abbott,en:dietary-supplements,1,0.667,,,,
text,beauty,6925845632879,Rose savon,,en:hygiene > en:soaps,2,0.818,,,,
text,food,0059749949088,Toffee caramel,Selection,en:snacks > en:sweet-snacks,2,0.750,,,,
text,general,5063089481660,Multi Surface Cleaning Spray,Asda,en:sponges-scouring-pads > en:household-sponges > en:household-supplies > en:household-chemicals > en:detergents > en:open-products-facts,6,0.636,,,,
text,beauty,5425001841660,Lait solaire Baby & Kids SPF 50+,Biosolis,en:hygiene,1,0.800,,,,
text,pet,8994571081419,Cat food baby kitten tuna and ckn 400gr,,en:adult-cat-food > en:wet-cat-food > en:pet-food > en:dry-pet-food,4,0.636,,,,
text,food,0778992001069,Vanilla Ice Cream,MacKay’s,en:desserts > en:frozen-desserts > en:ice-creams-and-sorbets > en:ice-creams,4,0.750,,,,
text,food,0629077001088,Deep Water Dark,Jumping Bean,en:plant-based-foods-and-beverages > en:plant-based-foods,2,0.714,,,,
text,food,0817861010013,Olives vertes espagnoles,,en:plant-based-foods-and-beverages > en:plant-based-foods > en:olive-tree-products > en:olives > en:green-olives,5,0.875,,,,
text,beauty,3831070656463,Aloe Vera calming jelly,Afrodita cosmetics,en:hygiene,1,0.750,,,,
text,food,0628069900866,Hummus - Roasted Red Bell Pepper,Adonis,en:plant-based-foods-and-beverages > en:plant-based-foods > en:plant-based-spreads > en:hummus,4,0.909,,,,
text,food,0060786502006,Firm unripened cheese / Fromage en grain,Georges,en:dairies > en:fermented-milk-products > en:cheeses,3,0.889,,,,
text,pet,4047777204046,Sg maxi adult duck,,en:adult-cat-food > en:wet-cat-food > en:pet-food > en:dry-pet-food > en:dry-dog-food > en:dog-and-cat-food > en:cat-food > en:non-food-products > en:open-pet-food-facts,9,0.600,,,,
text,beauty,8901030846212,Dove body wash,,en:hygiene > en:toothpastes > en:non-food-products,3,0.636,,,,
text,food,50142019,Little Trios Potatoes,The Little Potato Co,en:plant-based-foods-and-beverages > en:plant-based-foods > en:cereals-and-potatoes > en:potatoes-and-their-products > en:potatoes,5,0.727,,,,
text,general,3596710524754,Allume-feu liquide,Pouce,en:sponges-scouring-pads > en:household-sponges > en:household-supplies > en:garbage-bags > en:home-garden > en:hardware > en:building-consumables > en:chemicals > en:lighter-fluid > fr:allume-feu,10,0.636,,,,
text,food,0628176694481,Maple bourbon bbq,,en:condiments > en:sauces > en:barbecue-sauces,3,0.750,,,,
text,general,3700790001061,Fenioux - Carbonalgue - 45 Comprimés,,en:sponges-scouring-pads > en:household-sponges > en:household-supplies,3,0.727,,,,
text,food,0777034010953,Funmix,,en:snacks > en:sweet-snacks > en:confectioneries > en:candies,4,0.750,,,,
text,beauty,09501149,Seytu Locion Refrescante,,en:hygiene,1,0.625,,,,
text,beauty,8901526641796,L'Oreal Elvive Extraordinary Oils Coconut Conditioner 340mL,L'Oréal,en:hygiene,1,0.750,,,,
text,food,0055742502008,Thon pâle émietté,Compliments,en:canned-foods > en:canned-fishes > en:canned-tunas,3,0.909,,,,
text,general,6009695584455,Compral,Medicine,en:hair-styling-tools > en:health-beauty > en:health-care > en:medical-products > en:medicine,5,0.909,,,,
text,food,0797677719983,Badam Milk Drink,,en:plant-based-foods-and-beverages,1,0.818,,,,
text,food,0627987354157,Earl of Rose Kombucha,,en:plant-based-foods-and-beverages > en:plant-based-beverages > en:teas,3,0.909,,,,
text,food,0064579007648,Melange jus fe fruits mangue,,en:plant-based-foods-and-beverages > en:plant-based-beverages > en:fruit-based-beverages > en:fruit-juices,4,0.833,,,,
text,food,0857220006035,Kettle Cooked Honey BBQ / Honey BBQ Kettle Cooked Popcorn,Poptime,en:snacks > en:salty-snacks > en:appetizers > en:crisps > en:potato-crisps,5,0.727,,,,
text,food,0663936774140,Grains de café,,en:plant-based-foods-and-beverages > en:plant-based-foods,2,0.714,,,,
text,food,9420055046630,Hazelnut,,en:plant-based-foods-and-beverages > en:plant-based-foods > en:nuts-and-their-products > en:nuts > en:hazelnuts,5,0.600,,,,
text,food,0056810000259,Eau minerale naturelle gazeifiee citron,,en:beverages-and-beverages-preparations > en:beverages > en:waters,3,0.636,,,,
text,beauty,3700211161473,Eau micellaire démaquillante,Fleurance nature,en:hygiene > en:body > en:face > en:cleansers > en:cleansing-waters > en:micellar-water,6,0.909,,,,
text,food,0032302448341,Gin soda,,en:beverages-and-beverages-preparations > en:beverages > en:alcoholic-beverages > en:distilled-beverages > en:hard-liquors > en:gins,6,0.875,,,,
text,beauty,4262401730221,Duschgel,Jean&Len,en:hygiene,1,0.667,,,,
text,food,0055742371574,Light Zesty Italian Dressing,Compliments,en:condiments > en:sauces > en:salad-dressings,3,0.909,,,,
text,food,0070200588509,Trempette pour legumes oignon a la francaise,Marzetti,en:condiments > en:sauces,2,0.800,,,,
text,general,5060618530424,Foam cleaner,Adidas,en:sporting-goods > en:apparel-accessories > en:clothing > en:shoes,4,0.750,,,,
text,food,0851186007884,Original Coconut Flour Tortilla / Coconut Flour Tortillas,Sana,en:plant-based-foods-and-beverages > en:plant-based-foods > en:cereals-and-potatoes > en:cereals-and-their-products > en:breads > en:flatbreads > en:wheat-flatbreads,7,0.600,,,,
text,food,0627843242727,Maple Pecan Granola,Singing Bowl Nicola Granola,en:plant-based-foods-and-beverages > en:plant-based-foods > en:cereals-and-potatoes > en:cereals-and-their-products > en:breakfast-cereals > en:mueslis,6,0.600,,,,
text,beauty,6111040012688,Huile d'olive,Morocco,en:hygiene,1,0.909,,,,
text,beauty,8029408030664,Bain douche nourrissant,Pharmaciens préparateurs,en:hygiene > en:showers-and-baths,2,0.625,,,,
text,general,7638900423389,Batterier 9v Max Plus 1stk Energizer,Energizer trading,en:sponges-scouring-pads > en:household-sponges > en:household-supplies > en:household-chemicals > en:detergents > en:open-products-facts,6,0.909,,,,
text,food,0062100012277,Strawberry Lemonade Ginger Ale,Canada Dry,en:beverages-and-beverages-preparations > en:beverages > en:carbonated-drinks > en:sodas,4,0.636,,,,
text,food,0719410775032,5 energy watermelon,,en:beverages-and-beverages-preparations > en:beverages > en:energy-drinks,3,0.625,,,,
text,food,0990312207641,Peppered Beef Jerky,Rogue Meat Company,en:meats-and-their-products > en:meats,2,0.857,,,,
text,food,0022652161533,Evaporated Milk,Black & White,en:dairies,1,0.750,,,,
text,beauty,0017854064836,Baylis & Harding Hand Wash,Baylis & Harding,en:hygiene > en:hair > en:hair-care > nl:conditioner > nl:haarverzorging > nl:verzorging,6,0.667,,,,
text,pet,4047777096986,Mini Senior mit Lamm und Reis,Select Gold,en:adult-cat-food > en:wet-cat-food > en:pet-food,3,0.800,,,,
text,food,0059749975704,Vinaigrette Moutardes et Miel,Irrésistibles,en:condiments,1,0.818,,,,
text,general,5410091738129,Persil color gel,,en:sponges-scouring-pads > en:household-sponges > en:household-supplies > en:household-chemicals,4,0.778,,,,
text,food,0804217362278,Kiwi-Melon Drink,,en:beverages-and-beverages-preparations > en:beverages,2,0.818,,,,
text,food,0743434014976,Hot chocolate,Lindt,en:snacks > en:sweet-snacks,2,0.778,,,,
text,food,0057316132260,Dark Chocolatey Vanilla Ice Cream Bar,Co-op Gold,en:desserts > en:frozen-desserts > en:ice-creams-and-sorbets > en:ice-creams,4,0.750,,,,
text,food,0057700010525,Dentyne Ice,,en:snacks > en:sweet-snacks > en:confectioneries > en:chewing-gums > en:sugar-free-chewing-gum,5,0.600,,,,
text,food,0421401014586,Café latte coffee drink,,en:beverages-and-beverages-preparations > en:beverages,2,0.600,,,,
text,general,5060268001541,Cold Press Cherry Apple Carrot Mandarin Ginger Lemon Juice,Cold Press,en:sponges-scouring-pads > en:household-sponges > en:household-supplies > en:garbage-bags > en:home-garden > en:office-supplies > en:general-office-supplies > en:media > en:books,9,0.667,,,,
text,food,0743434018356,Lindor Dark Oatbased,Lindt,en:snacks > en:sweet-snacks > en:confectioneries,3,0.714,,,,
text,food,0057000000943,Heinz seriously good Light Mayonnaise style dressing,Heinz,en:condiments > en:sauces,2,0.636,,,,
text,food,0770981092362,Two-bite brownies,Two bite,en:snacks > en:sweet-snacks > en:biscuits-and-cakes > en:cakes > en:chocolate-cakes > en:brownies,6,0.875,,,,
text,food,0061659021693,Tomates pelées concassées bio,Allessia,en:plant-based-foods-and-beverages > en:plant-based-foods > en:fruits-and-vegetables-based-foods > en:vegetables-based-foods > en:vegetables > en:tomatoes > en:canned-tomatoes > en:peeled-tomatoes,8,0.727,,,,
text,food,0062067382802,energy drink,,en:beverages-and-beverages-preparations > en:beverages > en:energy-drinks,3,0.700,,,,
text,food,0061200014129,Dairy milk-Crispy rice,,en:snacks > en:sweet-snacks,2,0.900,,,,
text,beauty,4005808802623,In-Dusch Body Milk,Nivea,en:hygiene > en:body,2,0.636,,,,
text,food,0672975768140,Toffee Caramel Fresh Peanut Butter Bar,Cranked Energy Bars,en:dietary-supplements > en:bodybuilding-supplements,2,0.909,,,,
text,food,6920238088011,Nongshim-Potato Noodte Soup 110gm,,en:meals,1,0.625,,,,
text,food,0067997720571,Chocolate Milk 1%,,en:beverages-and-beverages-preparations > en:beverages > en:dairy-drinks > en:flavoured-milks > en:chocolate-milks,5,0.667,,,,
text,food,0057961034773,Fruit Medley,SunRype,en:plant-based-foods-and-beverages,1,0.625,,,,
text,food,0757528051693,takis intense nacho,Takis,en:snacks > en:salty-snacks > en:appetizers > en:crisps > en:corn-chips,5,0.875,,,,
text,beauty,3355999000652,mousse à raser,,en:hygiene,1,0.727,,,,
text,pet,8009470012058,B wild,,en:adult-cat-food > en:wet-cat-food > en:pet-food,3,0.667,,,,
text,food,0064900070297,Lifesavers gummies,,en:snacks > en:sweet-snacks > en:confectioneries > en:candies,4,0.750,,,,
text,food,0057459629504,Bologne,,en:condiments > en:sauces > en:pasta-sauces > en:meat-based-pasta-sauces > en:bolognese-sauces,5,0.667,,,,
text,food,0681131760447,Chicken with rice,Great Value,en:meats-and-their-products > en:meats > en:poultries > en:chickens,4,0.600,,,,
text,food,0664989632067,Zesty Ranch Toasted Corn,Joe's Tasty Travels,en:snacks,1,0.714,,,,
text,food,0037466014500,Lindt Lindor whitte-blanc,Lindt & Sprüngli,en:snacks > en:sweet-snacks,2,0.667,,,,
text,food,0055742382020,Decaffeinated instant coffee,,en:beverages-and-beverages-preparations,1,0.818,,,,
text,food,0239346007293,Croissant,,en:snacks > en:sweet-snacks > en:sweet-pastries-and-pies > en:viennoiseries > en:croissants,5,0.778,,,,
text,food,0071464022099,Jus d'orange à 100,Bolthouse Farms,en:plant-based-foods-and-beverages > en:plant-based-beverages > en:fruit-based-beverages > en:fruit-juices > en:orange-juices,5,0.636,,,,
text,general,5011309086416,Multipurpose Disinfectant Cleaner,Zoflora,en:sponges-scouring-pads > en:household-sponges > en:household-supplies,3,0.600,,,,
text,food,0628519303216,Hot Dog Cheese,Furca,en:plant-based-foods-and-beverages > en:plant-based-foods > en:cereals-and-potatoes > en:cereals-and-their-products > en:breads > en:special-breads > en:hot-dog-buns,7,0.909,,,,
text,food,0067535451608,Puzzle casse-tête bonbons en gelée,,en:snacks > en:sweet-snacks > en:confectioneries > en:candies,4,0.909,,,,
text,food,0850004281260,Crêpes farcies de sirop d'érable,,en:sweeteners > en:simple-syrups > en:maple-syrups,3,0.818,,,,
text,beauty,4260322210211,Look Care Body,,en:hygiene,1,0.800,,,,
text,food,0074410800055,Shirataki/Konjac noodle / Shirataki Noodles,Shirakiku,en:plant-based-foods-and-beverages > en:plant-based-foods,2,0.875,,,,
text,food,0059749987257,Milk Chocolate Honey Almond Nougat / irrésistibles,Irresistibles,en:snacks > en:sweet-snacks,2,0.833,,,,
text,food,0066589030418,Evaporated Milk 0% / NutriLait,Saputo,en:dairies,1,0.800,,,,
text,food,8858768027072,Basil seed drink,,en:beverages-and-beverages-preparations > en:beverages > en:basil-seeds-drinks,3,0.714,,,,
text,food,0628678156029,Vegan Breakfast Burrito,Brightside Foods,en:sandwiches > en:burritos,2,0.714,,,,
text,beauty,6221155116895,معجون الاسنان,Signal,en:hygiene > en:toothpastes,2,0.778,,,,
text,food,0041322248992,Cinnamon French Toast Sticks,Farm Rich,en:plant-based-foods-and-beverages > en:plant-based-foods > en:cereals-and-potatoes > en:cereals-and-their-products > en:breakfast-cereals,5,0.818,,,,
text,food,0056600393462,Jolly Rancher Gummies,Hersheys Canada,en:snacks > en:sweet-snacks > en:confectioneries > en:candies,4,0.909,,,,
text,beauty,9421027314207,Glow Lab Body Wash Man 900mL,Glow Lab,en:hygiene > en:toothpastes > en:non-food-products,3,0.625,,,,
text,food,0055653209850,REAL SOUR STRIPS,DARE,en:snacks > en:sweet-snacks > en:confectioneries > en:candies,4,0.727,,,,
text,food,0628451533535,Smoked Oven Roasted Turkey Breast / Solmaz turkey breast,Solmaz,en:meats-and-their-products > en:meats > en:poultries > en:turkeys,4,0.909,,,,
text,food,0083747002155,Pois chiches,,en:plant-based-foods-and-beverages > en:plant-based-foods > en:canned-plant-based-foods > en:canned-legumes,4,0.636,,,,
text,beauty,3178041355285,shampoing gliss,"Henkel, Schwarzkopf",en:hygiene,1,0.727,,,,
text,beauty,5099514200339,WaterWipes,,en:hygiene > en:accessories > en:moist-wipes > en:baby-wipes,4,0.625,,,,
text,food,0068062029346,Itlapasta gluten free pasta,,en:plant-based-foods-and-beverages > en:plant-based-foods > en:cereals-and-potatoes > en:cereals-and-their-products,4,0.625,,,,
text,pet,0044030032433,Gourmet perles,Gourmet,en:adult-cat-food > en:wet-cat-food,2,0.636,,,,
text,food,0627976301285,Soft & Chewy Mix,Ultimate Gourmet Select,en:snacks > en:sweet-snacks > en:confectioneries > en:candies,4,0.909,,,,
text,food,0065684005291,Yogourt,,en:dairies > en:fermented-milk-products > en:fermented-dairy-desserts > en:yogurts,4,0.900,,,,
text,general,4006508178087,Fitre café 1*2,Melitta,en:sponges-scouring-pads > en:household-sponges > en:household-supplies > en:garbage-bags > en:home-garden > en:kitchen-dining,6,0.636,,,,
text,beauty,3600523944354,Elvive,,en:hygiene,1,0.833,,,,
text,beauty,42417309,Hand Creme,Nivea,en:hygiene > en:body > en:hand-creams,3,0.667,,,,
text,general,7310688002511,Redheads Extra Long Matches 45 pack,Redheads,en:hair-styling-tools > en:health-beauty > en:personal-care > en:feminine-sanitary-supplies > en:menstrual-products > en:feminine-pads-protectors,6,0.636,,,,
text,general,0821138005541,Test booster,,en:cider-vinegars > en:condiments > en:culinary-plants > en:groceries > en:tests,5,0.636,,,,
text,beauty,8710447491300,Monsavon Gel Douche Bio Rose Thé Vert,Monsavon,en:hygiene > en:showers-and-baths > en:shower-gels,3,0.909,,,,
text,food,0858045004862,Macadamia Beverage,,en:plant-based-foods-and-beverages,1,0.750,,,,
text,general,8001090408648,ariel 3 en 1 pods,,en:sponges-scouring-pads > en:household-sponges > en:household-supplies,3,0.778,,,,
text,beauty,5006790292590,Nivea body milk,,en:hygiene > en:body > en:body-milks,3,0.818,,,,
text,food,0058716978427,Ranch Flavoured Cashews,Planters,en:plant-based-foods-and-beverages > en:plant-based-foods > en:nuts-and-their-products > en:nuts,4,0.625,,,,
text,beauty,00122588,artistry studio,,en:hygiene > en:hair > en:hair-care > nl:conditioner > nl:haarverzorging > nl:verzorging,6,0.636,,,,
text,food,0711841867232,Bière de bouleau,,en:beverages-and-beverages-preparations > en:beverages,2,0.889,,,,
text,food,5410522235562,"Finest Belgian chocolaté , Milk block",Callebaut,en:snacks > en:sweet-snacks > en:chocolates > en:milk-chocolates,4,0.625,,,,
text,food,0055686310189,Frozen Peas And Carrots,Eco-V,en:plant-based-foods-and-beverages > en:plant-based-foods > en:fruits-and-vegetables-based-foods > en:vegetables-based-foods,4,0.818,,,,
text,food,0856651007239,Favas and beans,,en:plant-based-foods-and-beverages > en:plant-based-foods,2,0.750,,,,
text,beauty,3760207116382,Énergie fruit,Énergie fruit,en:hygiene,1,0.909,,,,
text,food,0818541001000,Mountain Maple Granola,Stoked Oats,en:plant-based-foods-and-beverages > en:plant-based-foods > en:cereals-and-potatoes > en:cereals-and-their-products > en:breakfast-cereals,5,0.900,,,,
text,food,0875405002986,Organic Coconut Butter,,en:plant-based-foods-and-beverages > en:plant-based-foods > en:vegetable-fats > en:vegetable-oils > en:fruit-and-fruit-seed-oils > en:coconut-oils,6,0.600,,,,
text,food,8809184806277,Real Chicken Breast Chips,Mama’s Choice,en:meats-and-their-products > en:meats > en:poultries > en:chickens,4,0.727,,,,
text,food,0772288500205,Concentrer de bouillon de poulet,,en:broths > en:poultry-broth,2,0.636,,,,
text,food,0874754000711,Protien Bagel,Dempsters,en:plant-based-foods-and-beverages > en:plant-based-foods > en:cereals-and-potatoes > en:cereals-and-their-products > en:breads,5,0.750,,,,
text,food,0888959423220,Flax seeds,,en:plant-based-foods-and-beverages > en:plant-based-foods > en:seeds > en:flax-seeds,4,0.727,,,,
text,food,0663221124964,Castelvetrano olives,,en:plant-based-foods-and-beverages > en:plant-based-foods > en:olive-tree-products > en:olives,4,0.750,,,,
text,beauty,9344329259147,L'Oreal Paris Lumi Glotion Deep Tinted Moisturiser 40mL,L'Oréal,en:hygiene > en:accessories > en:condoms > en:male-condoms > en:health-beauty > en:non-open-products-facts > en:cosmetics,7,0.625,,,,
text,food,0851516001964,Turkey smokies sausage,Black Forest Meats,en:meats-and-their-products > en:meats,2,0.750,,,,
text,general,3601184740378,Cyriac,"Saint James, Maison FT",en:sponges-scouring-pads > en:household-sponges > en:household-supplies,3,0.818,,,,
text,beauty,0817513019081,Cantu,,en:hygiene > en:hair > en:hair-care > nl:conditioner > nl:haarverzorging > nl:verzorging,6,0.818,,,,
text,food,6902265120193,Soy Sause,Haday,en:condiments,1,0.714,,,,
text,food,0628504571002,Mangues séchées Biologiques,,en:plant-based-foods-and-beverages > en:plant-based-foods > en:fruits-and-vegetables-based-foods,3,0.600,,,,
text,general,8001090336446,pampers baby dry  air channels,Pampers,en:sponges-scouring-pads > en:household-sponges > en:household-supplies > en:garbage-bags > en:home-garden > en:kitchen-dining > en:baby-toddler > en:diapering > en:diapers,9,0.800,,,,
text,food,8858956503234,Coconut Milk Dipped Dried Mango,Kunna,en:desserts > en:frozen-desserts,2,0.600,,,,
text,beauty,3346470421172,Terracotta,Guerlain,en:hygiene,1,0.909,,,,
text,pet,8711242964723,Voskes dog treat,Voskes,en:adult-cat-food > en:wet-cat-food > en:pet-food > en:dry-pet-food > en:dry-dog-food > en:dog-biscuit,6,0.600,,,,
text,food,0810116126415,Hydration Powder,Prime,en:beverages-and-beverages-preparations > en:beverages > en:artificially-sweetened-beverages,3,0.636,,,,
text,food,0663935100322,Sleeping Giant,,en:snacks > en:sweet-snacks > en:confectioneries,3,0.714,,,,
text,beauty,0817513010019,cantu shea butter for natural hair,,en:hygiene,1,0.818,,,,
text,food,0066837361011,Onion granulated,,en:sweeteners > en:sugars,2,0.818,,,,
text,beauty,9341107873441,kakaadu plum,,en:hygiene,1,0.727,,,,
text,food,0629328030324,Grade A Chopped Spinach,IGA,en:plant-based-foods-and-beverages > en:plant-based-foods > en:fruits-and-vegetables-based-foods > en:vegetables-based-foods > en:vegetables > en:leaf-vegetables > en:spinachs > en:frozen-spinachs,8,0.800,,,,
text,food,6937788305017,Frozen Breaded Torpedo Shrimp,Seasoul,en:seafood > en:crustaceans > en:shrimps,3,0.714,,,,
text,beauty,3323034898397,cold,akileine,en:hygiene,1,0.636,,,,
text,food,9419227009320,Illuminate Zero Alcohol,Kim Crawford,en:beverages-and-beverages-preparations > en:beverages,2,0.750,,,,
text,food,0059800750721,Coffee Crisp Minis Classic,Nestle,en:snacks > en:sweet-snacks > en:bars,3,0.636,,,,
text,food,0056600394216,reeses mallow top,,en:snacks > en:sweet-snacks > en:confectioneries > en:candies,4,0.625,,,,
text,food,0804589410775,Boreal Blueberry,Prism Kombucha,en:beverages-and-beverages-preparations > en:beverages > en:tea-based-beverages > en:kombuchas,4,0.818,,,,
text,beauty,5011417559185,Nourish hand wash with cotton milk & camomile,dettol,en:hygiene,1,0.700,,,,
text,general,9782361931445,La nuit de la 25e heure,,en:sponges-scouring-pads > en:household-sponges > en:household-supplies > en:garbage-bags > en:home-garden > en:office-supplies > en:general-office-supplies > en:media > en:books > en:comic-books > en:printed-media > en:printed-publications > en:published-products,13,0.818,,,,
text,food,0056600425309,Nibs boxes,,en:snacks > en:sweet-snacks > en:chocolates > en:dark-chocolates,4,0.636,,,,
text,food,0060085051373,Capocollo,Mastro,en:meats-and-their-products,1,0.636,,,,
text,food,0055742566796,Jus de pomme,Compliments,en:plant-based-foods-and-beverages > en:plant-based-beverages > en:fruit-based-beverages > en:fruit-juices,4,0.750,,,,
meaning,general,8480000439147,quitagrassa,Bosque Verde,en:sponges-scouring-pads > en:household-sponges > en:household-supplies > en:household-chemicals > en:detergents > en:open-products-facts,6,0.727,,,,
meaning,pet,8595602552719,Classic Original Adult Medium low grain formula+,Hays,en:adult-cat-food > en:wet-cat-food > en:pet-food > en:dry-pet-food > en:dry-dog-food > en:dog-and-cat-food,6,0.636,,,,
meaning,food,0010000001112,Cinnamon Bread,Fresh Street Market,en:plant-based-foods-and-beverages > en:plant-based-foods,2,0.636,,,,
meaning,beauty,8809261550444,upgrade n m f aquaring ampoule mask,,en:hygiene > en:toothpastes > en:non-food-products,3,0.636,,,,
meaning,general,0673419376891,Star Wars 75345,Lego,en:sporting-goods > en:outdoor-recreation > en:toys-games,3,0.818,,,,
meaning,food,0754169695804,"Chicken, Corn, Squash, Leek",The Daily Wonton Co.,en:meats-and-their-products > en:meats > en:poultries > en:chickens,4,0.636,,,,
meaning,food,3023480110370,Chartreuse,,en:plant-based-foods-and-beverages,1,0.636,,,,
meaning,food,0065633471719,Organic Diced Tomatoes,,en:plant-based-foods-and-beverages > en:plant-based-foods > en:fruits-and-vegetables-based-foods > en:vegetables-based-foods > en:vegetables > en:tomatoes,6,0.727,,,,
meaning,food,0037600156509,Tocino Flavoured / Spam,Spam,en:plant-based-foods-and-beverages > en:plant-based-foods,2,0.818,,,,
meaning,food,0628634281536,Pre Fuel White Slushie,Believe,en:plant-based-foods-and-beverages > en:plant-based-foods,2,0.727,,,,
meaning,food,0253936004912,Cured Back Bacon Pork Loin,Halenda’s,en:meats-and-their-products > en:meats,2,0.636,,,,
meaning,food,9421010650381,Dark Chocolate Hokey Pokey,Devonport Chocolate,en:snacks > en:sweet-snacks > en:chocolates > en:dark-chocolates,4,0.636,,,,
meaning,food,0627987523768,Blueberry Lemonade,,en:plant-based-foods-and-beverages > en:plant-based-foods,2,0.636,,,,
meaning,general,3596710440139,Auchan culottes nuit,Auchan,en:sponges-scouring-pads > en:household-sponges > en:household-supplies > en:household-chemicals > en:detergents > en:open-products-facts,6,0.636,,,,
meaning,food,0839456004566,Chocolat au lait avec noisettes,,en:snacks > en:sweet-snacks,2,0.636,,,,
meaning,food,0628772706649,White Pacific Shrimp,OceanPrime,en:seafood,1,0.727,,,,
meaning,food,0671521440547,Oatmeal Bread,,en:plant-based-foods-and-beverages > en:plant-based-foods > en:cereals-and-potatoes > en:cereals-and-their-products,4,0.727,,,,
meaning,food,0056600204201,eggies,Hershey's,en:snacks > en:sweet-snacks,2,0.727,,,,
meaning,pet,7896029095775,"Pedigree 10,1",,en:adult-cat-food > en:wet-cat-food > en:pet-food > en:dry-pet-food > en:dry-dog-food > en:dog-and-cat-food,6,0.636,,,,
meaning,food,0213443907885,Porc Haché Frais Maigre,IGA,en:meats-and-their-products > en:meats,2,0.727,,,,
meaning,pet,4027245009144,Hühnchen & Cranberry,Mac's,en:adult-cat-food,1,0.636,,,,
meaning,food,0068553131343,Gaston Black Forest Ham,Gaston,en:meats-and-their-products,1,0.818,,,,
meaning,food,0628774384128,Chocolate Protein,EWD,en:dietary-supplements > en:bodybuilding-supplements,2,0.636,,,,
meaning,beauty,0062600262950,Gel-crème corps,Neutrogena,en:hygiene,1,0.818,,,,
meaning,food,0057316213754,Stone Baked Caprese Style Flatbread,Coop Gold,en:plant-based-foods-and-beverages > en:plant-based-foods > en:cereals-and-potatoes > en:cereals-and-their-products > en:breads,5,0.636,,,,
meaning,pet,7898604432227,Alimento gatos nd quinoa 400gr adulto urinary pato,,en:adult-cat-food > en:wet-cat-food > en:pet-food > en:dry-pet-food > en:dry-dog-food > en:dog-and-cat-food,6,0.636,,,,
meaning,general,7791432010134,med. aplonal 5ng 12un 05kg,,en:hair-styling-tools > en:health-beauty > en:health-care > en:medicine-drugs,4,0.636,,,,
meaning,food,0186360051552,Botany,,en:plant-based-foods-and-beverages > en:plant-based-foods > en:fruits-and-vegetables-based-foods > en:vegetables-based-foods > en:vegetables > en:tomatoes,6,0.727,,,,
meaning,pet,1003954180003031761831110400000000,habits,,en:adult-cat-food > en:wet-cat-food > en:pet-food,3,0.727,,,,
meaning,pet,3182551065275,adult maxi,royal canin,en:adult-cat-food > en:wet-cat-food > en:pet-food > en:dry-pet-food > en:dry-dog-food > en:dog-and-cat-food,6,0.818,,,,
meaning,food,0779921901405,Nectar peach,,en:plant-based-foods-and-beverages > en:plant-based-beverages,2,0.636,,,,
meaning,food,0990006100364,Atlantic Salmon Meatballs with cream cheese,Baltic Gifts,en:seafood > en:fishes-and-their-products,2,0.636,,,,
meaning,general,9300701560386,Harpic Turquoise Power Rimblock Tropical Lagoon Toilet Cleaner 39g,Harpic,en:sponges-scouring-pads > en:household-sponges > en:household-supplies > en:household-chemicals > en:detergents,5,0.636,,,,
meaning,food,0232976424591,Mesquite Chicken Wings,Kirkland,en:meats-and-their-products > en:meats > en:poultries > en:chickens,4,0.727,,,,
meaning,food,0805509211007,Four season mix.,Yupik,en:plant-based-foods-and-beverages > en:plant-based-foods,2,0.636,,,,
meaning,beauty,8901030860225,HAIR TONIC,,en:hygiene > en:toothpastes > en:non-food-products > en:dietary-supplements > en:cosmetic-products,5,0.636,,,,
meaning,food,0292286809259,Extra Lean Ground Turkey,Save-on Foods,en:meats-and-their-products > en:meats,2,0.727,,,,
meaning,food,0255504123858,Kirkland Fresh Chicken Wings,Kirkland,en:meats-and-their-products > en:meats > en:poultries > en:chickens,4,0.636,,,,
meaning,pet,0030111498458,Dog food,,en:adult-cat-food > en:wet-cat-food > en:pet-food > en:dry-pet-food > en:dry-dog-food > en:dog-and-cat-food,6,0.636,,,,
meaning,food,0201325304495,Lean Ground Beef,Gateway Meat Market,en:meats-and-their-products > en:meats > en:beef,3,0.727,,,,
meaning,food,0059749985017,Garlic Sauce,,en:condiments,1,0.636,,,,
meaning,food,0859082003009,Salsa pico de gallo,,en:meats-and-their-products,1,0.727,,,,
meaning,food,0627987142082,Go matcha - Chaï,,en:plant-based-foods-and-beverages > en:plant-based-beverages > en:teas,3,0.818,,,,
meaning,food,0672691001392,Creatine monohydrate,Jacked factory,en:dietary-supplements > en:bodybuilding-supplements,2,0.909,,,,
meaning,food,0041409053037,Pommes de terre rôties,Concord Foods,en:plant-based-foods-and-beverages > en:plant-based-foods > en:cereals-and-potatoes,3,0.636,,,,
meaning,food,0057316211514,Cauliflower Cuts,Co Op Gold,en:plant-based-foods-and-beverages,1,0.636,,,,
meaning,food,0056639010071,Old fashioned donuts,,en:snacks,1,0.636,,,,
meaning,general,0067004133318,Geo sheet protectors,Geocan,en:sponges-scouring-pads > en:household-sponges > en:household-supplies > en:household-chemicals,4,0.636,,,,
meaning,beauty,8901030715303,Soap,Lifeboy,en:hygiene > en:toothpastes > en:non-food-products > en:dietary-supplements > en:cosmetic-products,5,0.636,,,,
meaning,beauty,0876120003678,nivea,,en:hygiene > en:toothpastes > en:non-food-products,3,0.636,,,,
meaning,food,0078328931412,Landau,,en:snacks > en:sweet-snacks,2,0.818,,,,
meaning,food,0057000001094,Cocktail,Heinz,en:condiments > en:sauces,2,0.636,,,,
meaning,food,0045349001066,Erythritol,,en:sweeteners,1,0.727,,,,
meaning,food,0626394418803,Spicy Edamame,Based,en:plant-based-foods-and-beverages > en:plant-based-foods,2,0.818,,,,
meaning,food,0628719575208,Salted Chocolate Caramel Popcorn,Come Back Snacks,en:snacks,1,0.636,,,,
meaning,general,3178040431577,Etouffe belle mere,,en:sponges-scouring-pads > en:household-sponges,2,0.636,,,,
meaning,food,0246114190002,Meji Cano Burrito Tortillas,Meji Cano,en:plant-based-foods-and-beverages > en:plant-based-foods > en:cereals-and-potatoes > en:cereals-and-their-products > en:breads > en:flatbreads,6,0.636,,,,
meaning,food,0749404625104,Pico de Gallo / Pennys salsa,Penny's Salsa,en:condiments > en:sauces,2,0.727,,,,
meaning,beauty,3329310004575,Huile de millepertuis,Copar,en:hygiene,1,0.727,,,,
meaning,food,0065114005624,Partly Skimmed 1% Low Fat Milk,ADL,en:dairies > en:milks-liquid-and-powder > en:milks,3,0.636,,,,
meaning,food,0805509310816,Yupik coconut sugar,,en:plant-based-foods-and-beverages,1,0.636,,,,
meaning,beauty,5425021838107,Savon à l'alcool,Alcoholgel,en:hygiene,1,0.909,,,,
meaning,food,0628233860521,Isolate,Basic Supplements,en:dietary-supplements > en:bodybuilding-supplements > en:protein-powders,3,0.909,,,,
meaning,food,09000618,Spanakopita,,en:plant-based-foods-and-beverages > en:plant-based-foods,2,0.636,,,,
meaning,food,0079200066369,Nerds Gummy Clusters,Nerds,en:snacks > en:sweet-snacks > en:confectioneries > en:candies,4,0.727,,,,
meaning,food,0841161093773,Merguez,,en:plant-based-foods-and-beverages > en:plant-based-foods > en:plant-based-spreads,3,0.636,,,,
meaning,food,0087565315114,Cream Crackers,,en:snacks,1,0.636,,,,
meaning,food,0081695000520,Miche aux noix,,en:plant-based-foods-and-beverages > en:plant-based-foods > en:nuts-and-their-products > en:nuts > en:cashew-nuts,5,0.727,,,,
meaning,general,3549210001317,Colle Papiers Intissés - 300 G,,en:sponges-scouring-pads > en:household-sponges > en:household-supplies,3,0.727,,,,
meaning,food,0062000383859,Lunch mate,Schneiders,en:meats-and-their-products,1,0.818,,,,
meaning,food,0186984000882,Water,,en:beverages-and-beverages-preparations > en:beverages,2,0.636,,,,
meaning,beauty,4600936241292,Пародонтол Актив,,en:hygiene,1,0.909,,,,
meaning,food,0056327020740,Coors seltzer,,en:beverages-and-beverages-preparations > en:beverages > en:alcoholic-beverages,3,0.818,,,,
meaning,food,0060383001421,Fresh Thyme,Presidents choice,en:plant-based-foods-and-beverages > en:plant-based-foods,2,0.727,,,,
meaning,food,0990312554844,Chili Rice Cakes,Sun BC Rice,en:plant-based-foods-and-beverages > en:plant-based-foods,2,0.636,,,,
meaning,pet,0038100101679,pro plan shredded chicken 15lb,,en:adult-cat-food > en:wet-cat-food > en:pet-food > en:dry-pet-food > en:dry-dog-food > en:dog-and-cat-food,6,0.636,,,,
meaning,beauty,8436591924579,Juicy Lipgloss Brillo de Labios con Sabor Frutal,Martinelia,en:hygiene,1,0.727,,,,
meaning,general,3782020901006,Journal,,en:sponges-scouring-pads > en:household-sponges > en:household-supplies,3,0.727,,,,
meaning,food,0628110219398,Collagen bar,,en:dietary-supplements,1,0.818,,,,
meaning,food,0255935403796,Ched Cheese Bagel,Safeway,en:plant-based-foods-and-beverages > en:plant-based-foods > en:cereals-and-potatoes > en:cereals-and-their-products > en:breads > en:special-breads,6,0.636,,,,
meaning,beauty,3468080409361,Corine de Farme,,en:hygiene,1,0.727,,,,
meaning,food,0621787037982,Tangerine  and red pepper gelly,,en:plant-based-foods-and-beverages > en:plant-based-foods,2,0.636,,,,
meaning,pet,8410374613539,TopNature,,en:adult-cat-food > en:wet-cat-food > en:pet-food > en:dry-pet-food > en:dry-dog-food > en:dog-and-cat-food,6,0.636,,,,
meaning,pet,4011905315942,Premio Duckinos,#31594,en:adult-cat-food > en:wet-cat-food > en:pet-food,3,0.727,,,,
meaning,food,0628090350029,Mushroom & Onion Pizza,Piano Piano,en:meals,1,0.636,,,,
meaning,food,8801117720209,Okarto Chili Chili Flavor,,en:plant-based-foods-and-beverages > en:plant-based-foods,2,0.636,,,,
meaning,beauty,9310714228944,Schwarzkopf Live Colour Permanent Hair Dye Blue Mercury each,"Henkel, Schwarzkopf",en:hygiene,1,0.636,,,,
meaning,food,92316477000499,Nougattendre avec framboises et chocolat noir,,en:snacks,1,0.636,,,,
meaning,food,0883366000613,Nutribrown Granola,,en:plant-based-foods-and-beverages > en:plant-based-foods > en:cereals-and-potatoes > en:cereals-and-their-products,4,0.818,,,,
meaning,food,0628719791226,Fiesta Crunch,Haven Greens,en:plant-based-foods-and-beverages > en:plant-based-foods,2,0.636,,,,
meaning,food,0628504021026,Coconut Creamer + TruMarine® Collagen / Coconut Creamer collagen,withinUs,en:dietary-supplements,1,0.727,,,,
meaning,beauty,8480000468970,Ondas Surfing 2,Deliplus,en:hygiene > en:toothpastes > en:non-food-products,3,0.727,,,,
meaning,food,0055773003710,Quartier 9 minutes,McCain,en:frozen-foods > en:frozen-fried-potatoes,2,0.636,,,,
meaning,pet,5013919003692,Dog food,Harringtons,en:adult-cat-food > en:wet-cat-food > en:pet-food > en:dry-pet-food > en:dry-dog-food,5,0.636,,,,
meaning,beauty,8719134152562,Karma,Rituals,en:hygiene,1,0.727,,,,
meaning,food,0859110000086,Ontario strawberry and rhubarb,,en:plant-based-foods-and-beverages > en:plant-based-foods,2,0.727,,,,
meaning,food,0772622170026,CHEDDAR CHEESE / Fromage Perron 2 ans,Perron,en:dairies > en:fermented-milk-products > en:cheeses > en:cow-cheeses > en:cheddar-cheese,5,0.636,,,,
meaning,food,0827569000018,Popcorn,Aunt Hazel’s,en:snacks,1,0.818,,,,
meaning,beauty,4059729357571,waschgel Gesicht,,en:hygiene,1,0.727,,,,
meaning,food,0626233228228,Biscuit,,en:snacks > en:sweet-snacks > en:biscuits-and-cakes > en:biscuits,4,0.909,,,,
meaning,food,0687910008489,Protein Soda Gummy Bear Sparkles,Joy burst,en:snacks > en:sweet-snacks > en:confectioneries > en:candies,4,0.636,,,,
meaning,beauty,8001841812007,Pasta de dentes,Oral b,en:hygiene > en:toothpastes,2,0.636,,,,
meaning,food,05728903,Piri Piri Sauce,Heinz,en:condiments > en:sauces,2,0.818,,,,
meaning,food,0031200018922,Boisson pétillante Canneberge et mangue,Ocean Spray,en:plant-based-foods-and-beverages,1,0.636,,,,
meaning,pet,5607047003954,936554 Com Hum Cão Adulto Activpet,,en:adult-cat-food > en:wet-cat-food > en:pet-food > en:dry-pet-food > en:dry-dog-food > en:dog-and-cat-food > en:dog-food,7,0.636,,,,
meaning,food,0209295002991,Tofu chocolate Mousse Cup,Whole Foods,en:plant-based-foods-and-beverages > en:plant-based-foods > en:legumes-and-their-products > xx:tofu,4,0.909,,,,
meaning,pet,3166780054484,Rongeurs herbivores,,en:adult-cat-food > en:wet-cat-food > en:pet-food,3,0.727,,,,
meaning,food,0055000917285,Drumstick Chocolat / Drumstick,Nestle,en:desserts > en:frozen-desserts,2,0.727,,,,
meaning,beauty,50009350,Gulabari,,en:hygiene,1,0.818,,,,
meaning,food,0772468002611,Party pack appetizers,,en:snacks > en:sweet-snacks,2,0.909,,,,
meaning,food,0627161001518,Sausage rolls,,en:meats-and-their-products,1,0.727,,,,
meaning,pet,9003579008775,digestive care,royal canin,en:adult-cat-food > en:wet-cat-food > en:pet-food > en:dry-pet-food > en:dry-dog-food > en:dog-and-cat-food,6,0.727,,,,
meaning,food,8850227030258,Coconut Coffee,Thai Covo,en:plant-based-foods-and-beverages,1,0.636,,,,
meaning,beauty,8016225953252,balsamo labbra aloe vera,,en:hygiene > en:toothpastes > en:non-food-products,3,0.818,,,,
meaning,food,0055742566543,Pêches tranchées,,en:plant-based-foods-and-beverages > en:plant-based-foods > en:fruits-and-vegetables-based-foods,3,0.636,,,,
meaning,food,0754003111767,Superior Rice Cracker Snack Mix,KYSU,en:snacks > en:salty-snacks > en:appetizers,3,0.636,,,,
meaning,food,0800463101326,Chips,,en:snacks > en:salty-snacks > en:appetizers > en:crisps > en:potato-crisps,5,0.818,,,,
meaning,pet,4047777216025,Paté mit Rind,Fit+Fun,en:adult-cat-food > en:wet-cat-food,2,0.727,,,,
meaning,pet,3428460077184,ushqim per mac,,en:adult-cat-food > en:wet-cat-food > en:pet-food > en:dry-pet-food > en:dry-dog-food > en:dog-and-cat-food > en:cat-food,7,0.818,,,,
meaning,food,0818928000602,Spaghwtti,Antica Pasta Di Grangnano,en:plant-based-foods-and-beverages > en:plant-based-foods,2,0.727,,,,
meaning,food,0057664005605,Cheese puffs,,en:dairies > en:fermented-milk-products > en:cheeses,3,0.727,,,,
meaning,beauty,7702057086787,desodorante,yodora,en:hygiene,1,0.727,,,,
meaning,beauty,00240104,CLIMAROME,docteur Valnet,en:hygiene,1,0.909,,,,
meaning,food,0816605000099,Pétanque,,en:snacks > en:sweet-snacks > en:sweet-pastries-and-pies > en:viennoiseries > en:brioches > en:panettone,6,0.909,,,,
meaning,food,0657622013002,Honest kids,,en:snacks > en:sweet-snacks > en:confectioneries,3,0.636,,,,
meaning,food,0212472615587,Extra Lean Ground Beef,Sobeys,en:meats-and-their-products > en:meats > en:beef,3,0.818,,,,
meaning,pet,5060122490016,Blanc de Poulet,Applaws,en:adult-cat-food,1,0.636,,,,
meaning,food,0021248320842,Saigon cinnamon,,en:plant-based-foods-and-beverages,1,0.727,,,,
meaning,food,0204112619499,Lean Ground Beef,Mehadrin,en:meats-and-their-products > en:meats > en:beef,3,0.636,,,,
meaning,pet,7898593053045,Nutricore pulse maxi,,en:adult-cat-food > en:wet-cat-food > en:pet-food,3,0.727,,,,
meaning,food,0812028006519,Farine,,en:plant-based-foods-and-beverages > en:plant-based-foods,2,0.909,,,,
meaning,food,0220497921293,Lean Ground Beef,Canadian Beef,en:meats-and-their-products > en:meats > en:beef,3,0.818,,,,
meaning,pet,4008239212474,Vitakraft Kräcker Avec Miel Et Sésame,,en:adult-cat-food > en:wet-cat-food > en:pet-food,3,0.636,,,,
meaning,pet,7613036706902,Play Tubes,Felix,en:adult-cat-food > en:wet-cat-food > en:pet-food,3,0.727,,,,
meaning,beauty,0818324024950,Winky gloss pH gloss,,en:hygiene,1,0.818,,,,
meaning,pet,8445290071842,Purina crocchette gatto pollo,purina,en:adult-cat-food > en:wet-cat-food > en:pet-food > en:dry-pet-food > en:dry-dog-food > en:dog-and-cat-food > en:cat-food,7,0.636,,,,
meaning,food,0787790434009,Brown Butter Rum Bar,Soma Chocolatemaker,en:snacks > en:sweet-snacks,2,0.636,,,,
meaning,general,3450051745110,Net ecran,L'artisanerie,en:sponges-scouring-pads > en:household-sponges > en:household-supplies,3,0.636,,,,
meaning,food,0627975001223,Slice & Serve Roll,,en:plant-based-foods-and-beverages > en:plant-based-foods,2,0.636,,,,
meaning,general,4015600893941,Fairy Non Bio Powder 22 Washes,Fairy,en:sponges-scouring-pads > en:household-sponges > en:household-supplies > en:household-chemicals > en:detergents > en:open-products-facts,6,0.636,,,,
meaning,food,0776837016636,Triple Layer Premium Cake,Sugarplum,en:snacks,1,0.636,,,,
meaning,beauty,4902430624534,Pantene Miracles Supplement Conditioner,Patene,en:hygiene,1,0.818,,,,
meaning,food,0055144411496,Bâtons sésame son d’avoine,,en:plant-based-foods-and-beverages > en:plant-based-foods > en:cereals-and-potatoes > en:cereals-and-their-products,4,0.727,,,,
meaning,food,0212477909209,Extra Lean Ground Beef,Sobeys,en:meats-and-their-products > en:meats > en:beef,3,0.818,,,,
meaning,pet,7613035610958,Katzenfutter,Purina,en:adult-cat-food > en:wet-cat-food > en:pet-food > en:dry-pet-food > en:dry-dog-food > en:dog-and-cat-food > en:cat-food,7,0.818,,,,
meaning,general,8480000407504,Suavizante concentrado floral,Bosque Verde,en:sponges-scouring-pads > en:household-sponges > en:household-supplies,3,0.909,,,,
meaning,food,5600817024982,Leite De Coco,Puríssimo,en:plant-based-foods-and-beverages > en:plant-based-beverages > en:plant-based-milk-alternatives,3,0.818,,,,
meaning,food,0623798044324,Pizza stromboli,PG sromboli,en:meals > en:pizzas,2,0.727,,,,
meaning,food,0057800838913,marshallow hearts,,en:snacks > en:sweet-snacks > en:confectioneries,3,0.818,,,,
meaning,general,9300701128272,Pine O Cleen Coconut & Sea Salt Cleaning Disinfectant Spray 750mL,Pine O Cleen,en:sponges-scouring-pads > en:household-sponges > en:household-supplies,3,0.636,,,,
meaning,food,0273696104813,Traditional Breakfast Pork Sausage,Sobeys,en:meats-and-their-products,1,0.727,,,,
meaning,food,0656750985816,Ti-Biscuits,,en:snacks > en:sweet-snacks > en:biscuits-and-cakes > en:biscuits,4,0.636,,,,
meaning,beauty,9314807093037,Nature's Way Kids Smart Vita Gummies Calm & Sleep 110 Pack,Nature's Way,en:hygiene,1,0.818,,,,
meaning,food,0238532815667,Medium Ground Beef 16%fat,Good Basics,en:meats-and-their-products > en:meats > en:beef,3,0.636,,,,
meaning,beauty,3616307087551,Rimmel London Natural Bronzer Sunlight 14g,Rimmel London,en:hygiene,1,0.818,,,,
meaning,food,0774980007655,Italian Style Ham / Capicollo,Capucollo,en:meats-and-their-products,1,0.727,,,,
meaning,food,0072810908142,Ligo Fried Sardines Hot And Spicy,Ligo,en:canned-foods > en:canned-fishes > en:canned-sardines,3,0.636,,,,
meaning,beauty,5000101912672,Imperial leather 6 ivory bar 2yrs prod,,en:hygiene > en:toothpastes > en:non-food-products,3,0.818,,,,
meaning,food,0990002040237,Green Beans,Wild Fork,en:plant-based-foods-and-beverages > en:plant-based-foods,2,0.727,,,,
meaning,food,0627987185447,Caramel Au Beurre Salé,La Crêperie Ker Breizh,en:fats > en:animal-fats > en:butters,3,0.636,,,,
meaning,food,0057197348675,Lentils,,en:plant-based-foods-and-beverages > en:plant-based-foods > en:seeds > en:legume-seeds > en:pulses,5,0.636,,,,
meaning,food,0055742564631,Tranches d'ananas,,en:plant-based-foods-and-beverages > en:plant-based-foods > en:fruits-and-vegetables-based-foods,3,0.636,,,,
meaning,pet,4056489348610,Coshida selection Huhn,,en:adult-cat-food > en:wet-cat-food,2,0.727,,,,
meaning,food,0064777129166,Grand Slam,Superstore Bulk,en:plant-based-foods-and-beverages > en:plant-based-foods,2,0.636,,,,
meaning,food,0627735000121,Salted cashews / Noix de cajou,Great Value,en:plant-based-foods-and-beverages > en:plant-based-foods > en:nuts-and-their-products > en:nuts > en:cashew-nuts,5,0.818,,,,
meaning,food,0667888282487,Candy bouquet,,en:snacks > en:sweet-snacks > en:confectioneries,3,0.727,,,,
meaning,food,0055480048011,Indian pale ale,,en:beverages-and-beverages-preparations > en:beverages,2,0.818,,,,
meaning,pet,0064992282547,Regional Red,,en:adult-cat-food > en:wet-cat-food > en:pet-food,3,0.727,,,,
meaning,beauty,6932511231649,Pure Algue,,en:hygiene,1,0.727,,,,
meaning,beauty,1238590101299,Debest,,en:hygiene > en:toothpastes > en:non-food-products,3,0.636,,,,
meaning,food,0770981352121,Frosted Soft Sugar Cookies,Kimberley's Bakeshoppe,en:snacks > en:sweet-snacks > en:biscuits-and-cakes > en:biscuits,4,0.727,,,,
meaning,food,0710228340849,Dadu Arctica Ice-cream,,en:desserts > en:frozen-desserts,2,0.818,,,,
meaning,food,0060383209490,Pineapple Chunks,PC Organics,en:plant-based-foods-and-beverages > en:plant-based-foods,2,0.727,,,,
meaning,food,0627987995244,Loaded Garlic,Mandi’s Mickles,en:plant-based-foods-and-beverages > en:plant-based-foods > en:fruits-and-vegetables-based-foods > en:vegetables-based-foods,4,0.636,,,,
meaning,general,4084500961159,Fairy Liquid Antibacterial,P&G,en:sponges-scouring-pads > en:household-sponges > en:household-supplies,3,0.727,,,,
meaning,food,0255506225420,Chicken Thighs,Kirkland,en:meats-and-their-products > en:meats,2,0.636,,,,
meaning,food,0808912015026,Baguette Crisps,,en:plant-based-foods-and-beverages > en:plant-based-foods > en:cereals-and-potatoes > en:cereals-and-their-products > en:breads > en:bread-loaves > en:baguettes,7,0.818,,,,
meaning,general,4014162251572,JBL DETOXOL 250ML,,en:sponges-scouring-pads > en:household-sponges > en:household-supplies,3,0.636,,,,
meaning,food,0017082014870,Beef Jerky,Jack Links,en:meats-and-their-products,1,0.636,,,,
meaning,food,6260222601025,Biscuit Savoury Cardamome,Biscuit,en:snacks > en:sweet-snacks > en:biscuits-and-cakes > en:biscuits,4,0.818,,,,
meaning,food,0064445520578,Pâtes de tomate,,en:plant-based-foods-and-beverages > en:plant-based-foods,2,0.818,,,,
meaning,food,0058716553525,Party Size Crunch Mix,Planters,en:plant-based-foods-and-beverages > en:plant-based-foods,2,0.636,,,,
meaning,pet,0642863111396,Feline Greenies Dental Treats,Mars Petcare,en:adult-cat-food > en:wet-cat-food > en:pet-food,3,0.636,,,,
meaning,pet,4000158913456,Chicko,,en:adult-cat-food > en:wet-cat-food > en:pet-food > en:dry-pet-food,4,0.636,,,,
meaning,beauty,5943000088294,Gerovital Sun,,en:hygiene,1,0.818,,,,
meaning,food,0256037007998,Irish Soda Bread,Whole Foods Market,en:plant-based-foods-and-beverages > en:plant-based-foods,2,0.636,,,,
meaning,food,0060383365523,Pistaches de la californie,,en:plant-based-foods-and-beverages > en:plant-based-foods > en:nuts-and-their-products > en:nuts,4,0.636,,,,
meaning,food,0255503435051,Chicken Breast Boneless,Kirkland,en:meats-and-their-products > en:meats > en:poultries > en:chickens,4,0.727,,,,
meaning,food,0059749891202,Nouille ramen instantanées,,en:plant-based-foods-and-beverages > en:plant-based-foods,2,0.636,,,,
meaning,beauty,7791905004202,antitranspirante hombre sport,polyana,en:hygiene,1,0.909,,,,
meaning,food,5715008100533,Non-alcoholic Spritz,Ish,en:beverages-and-beverages-preparations > en:beverages,2,0.727,,,,
meaning,food,0078935714354,Three cheese flatbreads,,en:dairies > en:fermented-milk-products > en:cheeses,3,0.636,,,,
meaning,food,0627578002764,Nutribar Protéines plus,,en:dietary-supplements > en:bodybuilding-supplements,2,0.636,,,,
meaning,general,4002448047834,"SAGROTAN 99,9 % Desinfektion Reiniger",SAGROTAN,en:sponges-scouring-pads > en:household-sponges > en:household-supplies,3,0.727,,,,
meaning,general,0046100994269,Fairy,P&G,en:sponges-scouring-pads > en:household-sponges > en:household-supplies,3,0.727,,,,
meaning,food,0556394320601,Peanut Lover's,Bassé,en:plant-based-foods-and-beverages > en:plant-based-foods,2,0.818,,,,
meaning,beauty,3466762194253,Démaquillant,Nocibé,en:hygiene,1,0.636,,,,
meaning,food,0286970902692,Whole Wheat Kaiser Buns,Save On Foods,en:plant-based-foods-and-beverages > en:plant-based-foods > en:cereals-and-potatoes > en:cereals-and-their-products > en:breads,5,0.636,,,,
meaning,food,0271033203991,Harvest Grain Bread,Superstore,en:plant-based-foods-and-beverages > en:plant-based-foods > en:cereals-and-potatoes > en:cereals-and-their-products > en:breads,5,0.727,,,,
meaning,food,0251301803009,Sourdough Loaf,Real Canadian superstore,en:plant-based-foods-and-beverages > en:plant-based-foods > en:cereals-and-potatoes > en:cereals-and-their-products > en:breads,5,0.636,,,,
top-level,food,0847304007676,Organic Fruit Bites,Amara,"(food, top level only)",0,1.000,,,,
top-level,food,0005160428204,Picked Beets,,"(food, top level only)",0,1.000,,,,
top-level,food,0200047030866,Vaille Douce,Shop Santé,"(food, top level only)",0,1.000,,,,
top-level,food,0854730001086,Vibe,,"(food, top level only)",0,1.000,,,,
top-level,general,5000204061314,Mr Muscle,Window & Glass,"(general, top level only)",0,1.000,,,,
top-level,food,0628110146557,Pates,Stephano,"(food, top level only)",0,1.000,,,,
top-level,general,9782298034905,Jsp,,"(general, top level only)",0,1.000,,,,
top-level,food,0663925101476,pacific pink salmon,,"(food, top level only)",0,1.000,,,,
top-level,food,0065633236349,Chocolate chip bar,Nature Valley,"(food, top level only)",0,1.000,,,,
top-level,food,0059749880848,Sélection,Selection,"(food, top level only)",0,1.000,,,,
top-level,food,0627735268736,Spicy Queso Rings Snack,Great Value,"(food, top level only)",0,1.000,,,,
top-level,food,0990485803602,Provolone Chicken And ROMESCO sauce,Freshprep,"(food, top level only)",0,1.000,,,,
top-level,food,0062151517899,van houtte columbian 640g,,"(food, top level only)",0,1.000,,,,
top-level,food,0628176694191,Sapré Bon Burger,,"(food, top level only)",0,1.000,,,,
top-level,food,0681131759403,Sea creature,Great Value,"(food, top level only)",0,1.000,,,,
top-level,food,0217110906799,Turkey Club With Bacon Red Pepper Wrap,Sobeys,"(food, top level only)",0,1.000,,,,
top-level,food,0628250564006,Granted Immunity,,"(food, top level only)",0,1.000,,,,
top-level,food,0733739869210,Organic Erythritol / Erythritol,NOW® Real Food,"(food, top level only)",0,1.000,,,,
top-level,general,64903300,Gabbys dollhouse,Dreamworks,"(general, top level only)",0,1.000,,,,
top-level,general,0041512144660,Oven and grill cleaner,First Street,"(general, top level only)",0,1.000,,,,
top-level,food,0724751997890,Beet chutney,Beetroot,"(food, top level only)",0,1.000,,,,
top-level,general,3700992600253,nettoyant parquet,cedar,"(general, top level only)",0,1.000,,,,
top-level,food,0667888133697,Pâte avec sauce napolitaine,,"(food, top level only)",0,1.000,,,,
top-level,food,0059749943512,Bacon,Selection,"(food, top level only)",0,1.000,,,,
top-level,food,0665081002017,Matcha Instant Latte / Matcha latte instantanée,Healthy Crunch,"(food, top level only)",0,1.000,,,,
top-level,food,0087116035041,Apple/Pomme,Sour Puss,"(food, top level only)",0,1.000,,,,
top-level,food,0620066501046,Sauce au poivre noir,,"(food, top level only)",0,1.000,,,,
top-level,food,0826955052785,CHEESE STICKS / Cheese Sticks,COUNTRY GROCER,"(food, top level only)",0,1.000,,,,
top-level,food,0219662505154,Peameal Bacon,Selection,"(food, top level only)",0,1.000,,,,
top-level,food,8901155418318,Suji Halwa,Gits,"(food, top level only)",0,1.000,,,,
top-level,food,8410300356219,Jumbo,,"(food, top level only)",0,1.000,,,,
top-level,food,0059749741392,Smart & Natural,,"(food, top level only)",0,1.000,,,,
top-level,food,0062639371289,Gluten Free Cous Cous,Only Goodness,"(food, top level only)",0,1.000,,,,
top-level,food,0808912005492,Kim Chi,,"(food, top level only)",0,1.000,,,,
top-level,general,8992694246166,Zwitsal hair lotion,,"(general, top level only)",0,1.000,,,,
top-level,food,0659153877252,DIABLO Carnitine 3000 - Berry Blast,ANS Performance,"(food, top level only)",0,1.000,,,,
top-level,general,4058075466050,Lâmpada led,Osram,"(general, top level only)",0,1.000,,,,
top-level,food,0661815021255,Mini-gâteaux au fromage,,"(food, top level only)",0,1.000,,,,
top-level,food,0883831110007,Apple Cinnamon Superseed Blend / Apple cinnamon superseed blend,Holy Crap,"(food, top level only)",0,1.000,,,,
top-level,food,0292624413445,Boneless Spineless Chicken Thighs,Save On Foods,"(food, top level only)",0,1.000,,,,
top-level,beauty,5029053579405,balsam Kosmetiktücher,Kleenex,"(beauty, top level only)",0,1.000,,,,
top-level,general,7034184711608,Pillow,DownFeel Box,"(general, top level only)",0,1.000,,,,
top-level,food,0808912035130,Granola,Farm Boy,"(food, top level only)",0,1.000,,,,
top-level,food,0067408000896,Whipped butter,,"(food, top level only)",0,1.000,,,,
top-level,food,0800794017013,Original Roasted Peking Duck Wraps,Asian Choice,"(food, top level only)",0,1.000,,,,
top-level,food,0062639369446,Whole Wheat Rotini,Only Goodness,"(food, top level only)",0,1.000,,,,
top-level,food,0094922070968,Ayran,,"(food, top level only)",0,1.000,,,,
top-level,food,0874474005027,Super Green Soup,Allen Family Foods,"(food, top level only)",0,1.000,,,,
top-level,food,0006834201572,Raw Raisin Challah,Montreal Kosher,"(food, top level only)",0,1.000,,,,
top-level,food,0627735258461,cake,fresh market,"(food, top level only)",0,1.000,,,,
top-level,food,0808912027340,Plant Based Apple Strudel,Farm Boy,"(food, top level only)",0,1.000,,,,
top-level,general,8718951391581,Zeste d’orange,,"(general, top level only)",0,1.000,,,,
top-level,food,0676724000116,Butter chicken sauce,,"(food, top level only)",0,1.000,,,,
top-level,food,0776703297985,Lotus Seeds,T&T,"(food, top level only)",0,1.000,,,,
top-level,food,0209226007996,Cherry Crisp,Whole Foods Market,"(food, top level only)",0,1.000,,,,
top-level,food,0063211232127,Creme de champignon,Campbell's,"(food, top level only)",0,1.000,,,,
top-level,food,0060629010132,Chinese Sausage,Dollar Food Mfg,"(food, top level only)",0,1.000,,,,
top-level,food,0990310401539,Protéine De Soya Texturee,Avril,"(food, top level only)",0,1.000,,,,
top-level,food,0068100903768,Peppercorn Ranch,Kraft,"(food, top level only)",0,1.000,,,,
top-level,general,0191887241744,Ballon,,"(general, top level only)",0,1.000,,,,
top-level,food,0062639284282,Homestyle Chicken Broccoli & Spinach Lasagna / Home style chicken broccoli & spinach lau,Western Family,"(food, top level only)",0,1.000,,,,
top-level,food,0244143006660,Mild Italian Sausage,Longo's,"(food, top level only)",0,1.000,,,,
top-level,food,0671605001084,Passata / Benedetto Passata,Benedetto Di Manno,"(food, top level only)",0,1.000,,,,
top-level,food,0629228001028,SEASONING DILL / Aneth aromate,FERMES TRUDEAU FARMS,"(food, top level only)",0,1.000,,,,
top-level,food,0183487000043,Chocolate Cashew Power Pudding,,"(food, top level only)",0,1.000,,,,
top-level,food,0049568269467,Soy-Free Vegenaise / Vegenaise (soy free),Earth Island,"(food, top level only)",0,1.000,,,,
top-level,food,0684746876114,Cran Ice,,"(food, top level only)",0,1.000,,,,
top-level,food,0623067160663,Purée de veau,,"(food, top level only)",0,1.000,,,,
top-level,food,0073557000120,Delite,,"(food, top level only)",0,1.000,,,,
top-level,general,5000204093711,Multi Insect - Insektenschutz,Autan,"(general, top level only)",0,1.000,,,,
top-level,food,0771212853103,Pepperoni,Kraft,"(food, top level only)",0,1.000,,,,
top-level,food,0059749964616,Muffin Fraise-Limonade,,"(food, top level only)",0,1.000,,,,
top-level,food,0067545007178,Hair Gel,Dippity Do,"(food, top level only)",0,1.000,,,,
top-level,food,0667888547319,Sweet Relish,Dollarama,"(food, top level only)",0,1.000,,,,
top-level,food,0628942804212,Key Lime Pie Popcycle,Crazy,"(food, top level only)",0,1.000,,,,
top-level,food,0629016101916,DiStasio Soupe Tomates au fenouil,,"(food, top level only)",0,1.000,,,,
top-level,general,8015194524142,Fabio,,"(general, top level only)",0,1.000,,,,
top-level,general,9356044385520,Bonds Ladies Sport 1/4 Socks Size 8-11 Assorted 3 pack,Bonds,"(general, top level only)",0,1.000,,,,
top-level,food,0990002033185,Fingerling Potatoes,Wildfork,"(food, top level only)",0,1.000,,,,
top-level,food,0062639342296,Gateau aux fruits léger avec glaçage,Western Family,"(food, top level only)",0,1.000,,,,
top-level,food,0788364658142,Miso Chicken Ramen,Wasabiramen,"(food, top level only)",0,1.000,,,,
top-level,food,0060383043186,Strawberry multigrain wafers,President's Choice,"(food, top level only)",0,1.000,,,,
top-level,food,0058449191070,Bouchées croquantes au beurre de noix amandes,Nature's Path,"(food, top level only)",0,1.000,,,,
top-level,general,8001120725592,Polvere lavastoviglie Gli Spesotti,Coop,"(general, top level only)",0,1.000,,,,
top-level,food,0602024719878,Homestyle Peaches,Country Style,"(food, top level only)",0,1.000,,,,
top-level,food,0628667500208,Pickled green mango,,"(food, top level only)",0,1.000,,,,
top-level,food,0661815022344,Loaded Perogy Bake,M&M Food Market,"(food, top level only)",0,1.000,,,,
top-level,general,6971481220079,ولاعة سخان فاخرة,,"(general, top level only)",0,1.000,,,,
top-level,food,16000489,Alien invasion,,"(food, top level only)",0,1.000,,,,
top-level,general,4337256677165,Backpapierzuschnitte,ja!,"(general, top level only)",0,1.000,,,,
top-level,food,0087703080461,Korean Fish Cake,Pan Asia Food,"(food, top level only)",0,1.000,,,,
top-level,food,0778518007407,Lupini beans,,"(food, top level only)",0,1.000,,,,
top-level,food,6977359930415,Glutinous Rice Bean Bun,十月稻田,"(food, top level only)",0,1.000,,,,
top-level,food,0068689150195,Cooked octopus,,"(food, top level only)",0,1.000,,,,
top-level,food,0062375295771,Blizzard Cake,DQ,"(food, top level only)",0,1.000,,,,
top-level,food,0624777009341,Fermented Gut Superfood+ (Orange Ginger) / Organic gut superfoods,Genuine Health,"(food, top level only)",0,1.000,,,,
top-level,general,5032227011632,WD-40,WD-40,"(general, top level only)",0,1.000,,,,
top-level,food,8809109118904,Korean-Style Corn Dogs,,"(food, top level only)",0,1.000,,,,
top-level,food,0884282110936,Verma Spicy Para,,"(food, top level only)",0,1.000,,,,
top-level,food,55413886,Habanero,,"(food, top level only)",0,1.000,,,,
top-level,food,0685666005622,Pretzels Mini Twists,Founders & Farmers,"(food, top level only)",0,1.000,,,,
top-level,food,0628719223024,Krave Kulture,Passion Fruit,"(food, top level only)",0,1.000,,,,
top-level,food,0627843360605,Hornby Island Pate Herb,Hornby Island Pate,"(food, top level only)",0,1.000,,,,
top-level,food,0877971008546,Mushroom Potstickers,Royal Asia,"(food, top level only)",0,1.000,,,,
top-level,food,0695058261499,Fiesta fFruit Blend,Alasko,"(food, top level only)",0,1.000,,,,
top-level,food,6922214790130,Red Bean Ice Bar,Guangming,"(food, top level only)",0,1.000,,,,
top-level,general,6118000040934,15 Comprimés sécabies,,"(general, top level only)",0,1.000,,,,
top-level,food,0078612208114,Incsense,Gonesh sticks,"(food, top level only)",0,1.000,,,,
top-level,food,0008912040028,Ready to Eat Shrimp,Farm Boy,"(food, top level only)",0,1.000,,,,
top-level,food,0096619398614,"Kirkland Omega-3 Fish Oil 1000MG, Epa 440 / Dha 280",,"(food, top level only)",0,1.000,,,,
top-level,general,9780201197709,bière,,"(general, top level only)",0,1.000,,,,
top-level,general,4006501240675,Pizzaschneider,,"(general, top level only)",0,1.000,,,,
top-level,food,0628456834101,Chicken Alfredo,Mikes,"(food, top level only)",0,1.000,,,,
top-level,food,0235250810752,"Strawberry, Goat Cheese, Almond, Spinach Salad",Sobeys,"(food, top level only)",0,1.000,,,,
top-level,food,0241582305798,Chausson Au Framboises,Super C,"(food, top level only)",0,1.000,,,,
top-level,food,0771118451434,Cooler Tropical Splash / cooler sans sucre,Casual Domingo Cooler,"(food, top level only)",0,1.000,,,,
top-level,food,0787790346050,Wild Berry Pop,Soma Chocolatemaker,"(food, top level only)",0,1.000,,,,
top-level,general,4006508206919,Filtertüten 102 Melitta,Melitta,"(general, top level only)",0,1.000,,,,
top-level,food,0222077205892,Super Soft Jubes,Farm Boy,"(food, top level only)",0,1.000,,,,
top-level,food,0776703220594,tropical cake,T&T Bakery,"(food, top level only)",0,1.000,,,,
top-level,food,0191518535143,Messengers,,"(food, top level only)",0,1.000,,,,
top-level,food,0614234112707,Angry unicorn,,"(food, top level only)",0,1.000,,,,
top-level,food,0850071854312,Organic Rainbow Fruit Stacks,Jonny Pops,"(food, top level only)",0,1.000,,,,
top-level,general,0045496472689,The legend of zelda Ocarina of time,,"(general, top level only)",0,1.000,,,,
top-level,food,0059966105311,Honey Roasted Cashew Snack Mix,Trophy,"(food, top level only)",0,1.000,,,,
top-level,food,0057316215390,Pumpkin Pie,Co-op Gold,"(food, top level only)",0,1.000,,,,
top-level,food,0628055554868,Steak And Kidney Pie,British Grocer,"(food, top level only)",0,1.000,,,,
top-level,food,0213366603710,Viande chevaline,,"(food, top level only)",0,1.000,,,,
top-level,food,0044276080328,Cake batter strawberry royal,,"(food, top level only)",0,1.000,,,,
top-level,food,0060383069094,Miso-Ponzu Slaw Kit,Presidents Choice,"(food, top level only)",0,1.000,,,,
top-level,general,3760283650220,catalogue stylist,,"(general, top level only)",0,1.000,,,,
top-level,food,0016185400269,Marine collagen,,"(food, top level only)",0,1.000,,,,
top-level,food,0058877112074,Apple Butter,The Big Apple,"(food, top level only)",0,1.000,,,,
top-level,food,0628055969044,Original Turmeric Elixir,,"(food, top level only)",0,1.000,,,,
top-level,food,0059668101512,Mélange de sauce,,"(food, top level only)",0,1.000,,,,
top-level,food,15309238,Sierra mix,PA,"(food, top level only)",0,1.000,,,,
top-level,food,0057316212894,Sweet Gherkins,Coop Gold,"(food, top level only)",0,1.000,,,,
top-level,food,0628915561548,Chocolat belge (coquillages),,"(food, top level only)",0,1.000,,,,
top-level,food,0774310254209,Salted Shrimp Fry,Zamboanga Kusina,"(food, top level only)",0,1.000,,,,
top-level,food,0999999901330,Rollerbite Monterey Jack,Circle K,"(food, top level only)",0,1.000,,,,
top-level,food,0772468031871,Blueberry Pie,Longos,"(food, top level only)",0,1.000,,,,
top-level,food,0062639187743,Claussen Pickles Kosher Dill Wholes,Kraft,"(food, top level only)",0,1.000,,,,
top-level,food,8904004400038,Haldiram Bhujia Sev,Haldiram's,"(food, top level only)",0,1.000,,,,
top-level,food,0818246021778,Pork And Crab Soup Dumpling,Supreme Soup Dumpling,"(food, top level only)",0,1.000,,,,
top-level,food,0011141504111,Surf And Turf,Macro Foods,"(food, top level only)",0,1.000,,,,
top-level,food,0627735265261,Celebration vanilla cake,Your fresh market,"(food, top level only)",0,1.000,,,,
top-level,food,0628678090132,Bulles fusion,,"(food, top level only)",0,1.000,,,,
top-level,food,6902083889296,Multri express,,"(food, top level only)",0,1.000,,,,
top-level,food,0627843703860,Carrot bacon/ carolina smoke,,"(food, top level only)",0,1.000,,,,
top-level,food,7702001012138,Parmesano,Alpina,"(food, top level only)",0,1.000,,,,
top-level,food,0627533969224,Smoked Meat Topping,Schwartz,"(food, top level only)",0,1.000,,,,
top-level,general,0000378400224,Vinyl synthetic exam gloves,Riserva,"(general, top level only)",0,1.000,,,,
top-level,food,0627735274775,Strawberry Flavour Parfait,Your Fresh Market,"(food, top level only)",0,1.000,,,,
top-level,food,0060383170431,Jus de lime,"No Name, Sans nom","(food, top level only)",0,1.000,,,,
top-level,food,0259877105992,Chocolate Eclairs,,"(food, top level only)",0,1.000,,,,
top-level,food,0066701009810,Salade de macaroni,St-Hubert,"(food, top level only)",0,1.000,,,,
top-level,food,0055742357615,Butter / Butter – salted,Compliments,"(food, top level only)",0,1.000,,,,
top-level,general,4061462175480,"Maler-Krepp-Abdeckband, 3-teilig",Deco Style,"(general, top level only)",0,1.000,,,,
top-level,food,0057496012703,Liqueur de whisky sirop d'erable et pomme McIntosh,,"(food, top level only)",0,1.000,,,,
top-level,food,6908939078104,Shepherd's Purse Bun,Nan Xiang,"(food, top level only)",0,1.000,,,,
top-level,food,0059749895620,Punch  au fruit selection,,"(food, top level only)",0,1.000,,,,
top-level,food,0773798012509,Yogourt cremeux non laitier,,"(food, top level only)",0,1.000,,,,
top-level,food,0627933022925,BCAA9.7 Framboise bleu,,"(food, top level only)",0,1.000,,,,
top-level,food,0243133704586,Cheese Danis,Loblaws,"(food, top level only)",0,1.000,,,,
top-level,food,0722785000050,House Rub,House Of Q,"(food, top level only)",0,1.000,,,,
top-level,general,3596710381241,Brossettes interdentaires Ultra fines,,"(general, top level only)",0,1.000,,,,
top-level,food,0813114020013,Pão de Queijo,Forno De Minas,"(food, top level only)",0,1.000,,,,
top-level,food,0890492000103,Aceto Balsamico Di Modena,,"(food, top level only)",0,1.000,,,,
top-level,food,0626027926118,Dairy free butter spread,,"(food, top level only)",0,1.000,,,,
top-level,general,0741206580101,Carte de cantine,,"(general, top level only)",0,1.000,,,,
top-level,food,0850715000129,Burgers Beef Frozen,LA CAGE AU SPORTS,"(food, top level only)",0,1.000,,,,
top-level,food,0220534710781,Panache Oven-Roasted Turkey,Safeway,"(food, top level only)",0,1.000,,,,
top-level,food,0058744151618,Sriracha au miel,,"(food, top level only)",0,1.000,,,,
top-level,food,0043100348221,Mead paper :),,"(food, top level only)",0,1.000,,,,
top-level,food,0627932230093,Bali bowl,,"(food, top level only)",0,1.000,,,,
top-level,food,0059443805055,Organic Navy Beans / Organic navy beans,Everland,"(food, top level only)",0,1.000,,,,
top-level,food,0771506002149,Lasagne,,"(food, top level only)",0,1.000,,,,
top-level,food,0069145170177,Italian Crackers With Black Olives,Crostini,"(food, top level only)",0,1.000,,,,
top-level,food,0055742572926,SWEET & SOUR BONELESS PORK BITES,compliments,"(food, top level only)",0,1.000,,,,
top-level,food,0060383674366,Cream-style corn,No Name,"(food, top level only)",0,1.000,,,,
top-level,food,0694194002089,Neutral base,,"(food, top level only)",0,1.000,,,,
top-level,food,0025500013145,Folgers,Folgers,"(food, top level only)",0,1.000,,,,
top-level,general,8010693007400,Cassetti in plastica,ArtPlast,"(general, top level only)",0,1.000,,,,
top-level,food,0833951000450,Bouillon pour fondue boeuf et oignons,,"(food, top level only)",0,1.000,,,,
top-level,food,0066721027436,Bits & bites crispers barbecue flavour / Bits & bites,Christie,"(food, top level only)",0,1.000,,,,
top-level,food,0182757000899,jalapeno and cheese samosa,,"(food, top level only)",0,1.000,,,,
top-level,food,0859127001298,Basil,,"(food, top level only)",0,1.000,,,,
top-level,food,9310876053866,Iron Jack Block Can 375mL,Iron,"(food, top level only)",0,1.000,,,,
top-level,food,0811586000045,Caramel Protein Creamer,Ara,"(food, top level only)",0,1.000,,,,
top-level,general,3570701230022,Aluminium,,"(general, top level only)",0,1.000,,,,
top-level,food,0271179015120,Chicken Breast Cutlet Wild Garlic,Farm boy,"(food, top level only)",0,1.000,,,,
top-level,food,0628915830514,Jujubes,Great Value,"(food, top level only)",0,1.000,,,,
top-level,general,4058824778502,Mustang Jeans,Mustang,"(general, top level only)",0,1.000,,,,
top-level,general,8720182599346,Sun optimum,Unilever,"(general, top level only)",0,1.000,,,,
top-level,general,4060979478688,Délicieux Bâton de colle,,"(general, top level only)",0,1.000,,,,
top-level,food,0627907107511,Brochette wagyu,,"(food, top level only)",0,1.000,,,,
top-level,food,0059635603001,Why knots?,,"(food, top level only)",0,1.000,,,,
top-level,food,0066721005137,Belvita breakfast petit-déjeuner,,"(food, top level only)",0,1.000,,,,
top-level,food,0602652431388,MAPLE GLAZED,KIND,"(food, top level only)",0,1.000,,,,
top-level,food,0068400803065,Vegetable Broth,Knorr,"(food, top level only)",0,1.000,,,,
